customer_reference,locale_name,phone,email,salutation,first_name,last_name,company,gender,date_of_birth,password,registered
K6--00001,en_US,,k6test1@k6-loadtest.local,Mr,LoadTest,User1,K6 Load Test Company 001,Male,,$2y$10$BfK63PmaH/mYpHNfVjCIIuDwnMM.q2ZyjzUAjZTXPmAEiXPoqsXdy,2026-01-01
K6--00002,en_US,,k6test2@k6-loadtest.local,Mr,LoadTest,User2,K6 Load Test Company 002,Male,,$2y$10$BfK63PmaH/mYpHNfVjCIIuDwnMM.q2ZyjzUAjZTXPmAEiXPoqsXdy,2026-01-01
K6--00003,en_US,,k6test3@k6-loadtest.local,Mr,LoadTest,User3,K6 Load Test Company 003,Male,,$2y$10$BfK63PmaH/mYpHNfVjCIIuDwnMM.q2ZyjzUAjZTXPmAEiXPoqsXdy,2026-01-01
K6--00004,en_US,,k6test4@k6-loadtest.local,Mr,LoadTest,User4,K6 Load Test Company 004,Male,,$2y$10$BfK63PmaH/mYpHNfVjCIIuDwnMM.q2ZyjzUAjZTXPmAEiXPoqsXdy,2026-01-01
K6--00005,en_US,,k6test5@k6-loadtest.local,Mr,LoadTest,User5,K6 Load Test Company 005,Male,,$2y$10$BfK63PmaH/mYpHNfVjCIIuDwnMM.q2ZyjzUAjZTXPmAEiXPoqsXdy,2026-01-01
K6--00006,en_US,,k6test6@k6-loadtest.local,Mr,LoadTest,User6,K6 Load Test Company 006,Male,,$2y$10$BfK63PmaH/mYpHNfVjCIIuDwnMM.q2ZyjzUAjZTXPmAEiXPoqsXdy,2026-01-01
K6--00007,en_US,,k6test7@k6-loadtest.local,Mr,LoadTest,User7,K6 Load Test Company 007,Male,,$2y$10$BfK63PmaH/mYpHNfVjCIIuDwnMM.q2ZyjzUAjZTXPmAEiXPoqsXdy,2026-01-01
K6--00008,en_US,,k6test8@k6-loadtest.local,Mr,LoadTest,User8,K6 Load Test Company 008,Male,,$2y$10$BfK63PmaH/mYpHNfVjCIIuDwnMM.q2ZyjzUAjZTXPmAEiXPoqsXdy,2026-01-01
K6--00009,en_US,,k6test9@k6-loadtest.local,Mr,LoadTest,User9,K6 Load Test Company 009,Male,,$2y$10$BfK63PmaH/mYpHNfVjCIIuDwnMM.q2ZyjzUAjZTXPmAEiXPoqsXdy,2026-01-01
K6--00010,en_US,,k6test10@k6-loadtest.local,Mr,LoadTest,User10,K6 Load Test Company 010,Male,,$2y$10$BfK63PmaH/mYpHNfVjCIIuDwnMM.q2ZyjzUAjZTXPmAEiXPoqsXdy,2026-01-01
K6--00011,en_US,,k6test11@k6-loadtest.local,Mr,LoadTest,User11,K6 Load Test Company 011,Male,,$2y$10$BfK63PmaH/mYpHNfVjCIIuDwnMM.q2ZyjzUAjZTXPmAEiXPoqsXdy,2026-01-01
K6--00012,en_US,,k6test12@k6-loadtest.local,Mr,LoadTest,User12,K6 Load Test Company 012,Male,,$2y$10$BfK63PmaH/mYpHNfVjCIIuDwnMM.q2ZyjzUAjZTXPmAEiXPoqsXdy,2026-01-01
K6--00013,en_US,,k6test13@k6-loadtest.local,Mr,LoadTest,User13,K6 Load Test Company 013,Male,,$2y$10$BfK63PmaH/mYpHNfVjCIIuDwnMM.q2ZyjzUAjZTXPmAEiXPoqsXdy,2026-01-01
K6--00014,en_US,,k6test14@k6-loadtest.local,Mr,LoadTest,User14,K6 Load Test Company 014,Male,,$2y$10$BfK63PmaH/mYpHNfVjCIIuDwnMM.q2ZyjzUAjZTXPmAEiXPoqsXdy,2026-01-01
K6--00015,en_US,,k6test15@k6-loadtest.local,Mr,LoadTest,User15,K6 Load Test Company 015,Male,,$2y$10$BfK63PmaH/mYpHNfVjCIIuDwnMM.q2ZyjzUAjZTXPmAEiXPoqsXdy,2026-01-01
K6--00016,en_US,,k6test16@k6-loadtest.local,Mr,LoadTest,User16,K6 Load Test Company 016,Male,,$2y$10$BfK63PmaH/mYpHNfVjCIIuDwnMM.q2ZyjzUAjZTXPmAEiXPoqsXdy,2026-01-01
K6--00017,en_US,,k6test17@k6-loadtest.local,Mr,LoadTest,User17,K6 Load Test Company 017,Male,,$2y$10$BfK63PmaH/mYpHNfVjCIIuDwnMM.q2ZyjzUAjZTXPmAEiXPoqsXdy,2026-01-01
K6--00018,en_US,,k6test18@k6-loadtest.local,Mr,LoadTest,User18,K6 Load Test Company 018,Male,,$2y$10$BfK63PmaH/mYpHNfVjCIIuDwnMM.q2ZyjzUAjZTXPmAEiXPoqsXdy,2026-01-01
K6--00019,en_US,,k6test19@k6-loadtest.local,Mr,LoadTest,User19,K6 Load Test Company 019,Male,,$2y$10$BfK63PmaH/mYpHNfVjCIIuDwnMM.q2ZyjzUAjZTXPmAEiXPoqsXdy,2026-01-01
K6--00020,en_US,,k6test20@k6-loadtest.local,Mr,LoadTest,User20,K6 Load Test Company 020,Male,,$2y$10$BfK63PmaH/mYpHNfVjCIIuDwnMM.q2ZyjzUAjZTXPmAEiXPoqsXdy,2026-01-01
K6--00021,en_US,,k6test21@k6-loadtest.local,Mr,LoadTest,User21,K6 Load Test Company 021,Male,,$2y$10$BfK63PmaH/mYpHNfVjCIIuDwnMM.q2ZyjzUAjZTXPmAEiXPoqsXdy,2026-01-01
K6--00022,en_US,,k6test22@k6-loadtest.local,Mr,LoadTest,User22,K6 Load Test Company 022,Male,,$2y$10$BfK63PmaH/mYpHNfVjCIIuDwnMM.q2ZyjzUAjZTXPmAEiXPoqsXdy,2026-01-01
K6--00023,en_US,,k6test23@k6-loadtest.local,Mr,LoadTest,User23,K6 Load Test Company 023,Male,,$2y$10$BfK63PmaH/mYpHNfVjCIIuDwnMM.q2ZyjzUAjZTXPmAEiXPoqsXdy,2026-01-01
K6--00024,en_US,,k6test24@k6-loadtest.local,Mr,LoadTest,User24,K6 Load Test Company 024,Male,,$2y$10$BfK63PmaH/mYpHNfVjCIIuDwnMM.q2ZyjzUAjZTXPmAEiXPoqsXdy,2026-01-01
K6--00025,en_US,,k6test25@k6-loadtest.local,Mr,LoadTest,User25,K6 Load Test Company 025,Male,,$2y$10$BfK63PmaH/mYpHNfVjCIIuDwnMM.q2ZyjzUAjZTXPmAEiXPoqsXdy,2026-01-01
K6--00026,en_US,,k6test26@k6-loadtest.local,Mr,LoadTest,User26,K6 Load Test Company 026,Male,,$2y$10$BfK63PmaH/mYpHNfVjCIIuDwnMM.q2ZyjzUAjZTXPmAEiXPoqsXdy,2026-01-01
K6--00027,en_US,,k6test27@k6-loadtest.local,Mr,LoadTest,User27,K6 Load Test Company 027,Male,,$2y$10$BfK63PmaH/mYpHNfVjCIIuDwnMM.q2ZyjzUAjZTXPmAEiXPoqsXdy,2026-01-01
K6--00028,en_US,,k6test28@k6-loadtest.local,Mr,LoadTest,User28,K6 Load Test Company 028,Male,,$2y$10$BfK63PmaH/mYpHNfVjCIIuDwnMM.q2ZyjzUAjZTXPmAEiXPoqsXdy,2026-01-01
K6--00029,en_US,,k6test29@k6-loadtest.local,Mr,LoadTest,User29,K6 Load Test Company 029,Male,,$2y$10$BfK63PmaH/mYpHNfVjCIIuDwnMM.q2ZyjzUAjZTXPmAEiXPoqsXdy,2026-01-01
K6--00030,en_US,,k6test30@k6-loadtest.local,Mr,LoadTest,User30,K6 Load Test Company 030,Male,,$2y$10$BfK63PmaH/mYpHNfVjCIIuDwnMM.q2ZyjzUAjZTXPmAEiXPoqsXdy,2026-01-01
K6--00031,en_US,,k6test31@k6-loadtest.local,Mr,LoadTest,User31,K6 Load Test Company 031,Male,,$2y$10$BfK63PmaH/mYpHNfVjCIIuDwnMM.q2ZyjzUAjZTXPmAEiXPoqsXdy,2026-01-01
K6--00032,en_US,,k6test32@k6-loadtest.local,Mr,LoadTest,User32,K6 Load Test Company 032,Male,,$2y$10$BfK63PmaH/mYpHNfVjCIIuDwnMM.q2ZyjzUAjZTXPmAEiXPoqsXdy,2026-01-01
K6--00033,en_US,,k6test33@k6-loadtest.local,Mr,LoadTest,User33,K6 Load Test Company 033,Male,,$2y$10$BfK63PmaH/mYpHNfVjCIIuDwnMM.q2ZyjzUAjZTXPmAEiXPoqsXdy,2026-01-01
K6--00034,en_US,,k6test34@k6-loadtest.local,Mr,LoadTest,User34,K6 Load Test Company 034,Male,,$2y$10$BfK63PmaH/mYpHNfVjCIIuDwnMM.q2ZyjzUAjZTXPmAEiXPoqsXdy,2026-01-01
K6--00035,en_US,,k6test35@k6-loadtest.local,Mr,LoadTest,User35,K6 Load Test Company 035,Male,,$2y$10$BfK63PmaH/mYpHNfVjCIIuDwnMM.q2ZyjzUAjZTXPmAEiXPoqsXdy,2026-01-01
K6--00036,en_US,,k6test36@k6-loadtest.local,Mr,LoadTest,User36,K6 Load Test Company 036,Male,,$2y$10$BfK63PmaH/mYpHNfVjCIIuDwnMM.q2ZyjzUAjZTXPmAEiXPoqsXdy,2026-01-01
K6--00037,en_US,,k6test37@k6-loadtest.local,Mr,LoadTest,User37,K6 Load Test Company 037,Male,,$2y$10$BfK63PmaH/mYpHNfVjCIIuDwnMM.q2ZyjzUAjZTXPmAEiXPoqsXdy,2026-01-01
K6--00038,en_US,,k6test38@k6-loadtest.local,Mr,LoadTest,User38,K6 Load Test Company 038,Male,,$2y$10$BfK63PmaH/mYpHNfVjCIIuDwnMM.q2ZyjzUAjZTXPmAEiXPoqsXdy,2026-01-01
K6--00039,en_US,,k6test39@k6-loadtest.local,Mr,LoadTest,User39,K6 Load Test Company 039,Male,,$2y$10$BfK63PmaH/mYpHNfVjCIIuDwnMM.q2ZyjzUAjZTXPmAEiXPoqsXdy,2026-01-01
K6--00040,en_US,,k6test40@k6-loadtest.local,Mr,LoadTest,User40,K6 Load Test Company 040,Male,,$2y$10$BfK63PmaH/mYpHNfVjCIIuDwnMM.q2ZyjzUAjZTXPmAEiXPoqsXdy,2026-01-01
K6--00041,en_US,,k6test41@k6-loadtest.local,Mr,LoadTest,User41,K6 Load Test Company 041,Male,,$2y$10$BfK63PmaH/mYpHNfVjCIIuDwnMM.q2ZyjzUAjZTXPmAEiXPoqsXdy,2026-01-01
K6--00042,en_US,,k6test42@k6-loadtest.local,Mr,LoadTest,User42,K6 Load Test Company 042,Male,,$2y$10$BfK63PmaH/mYpHNfVjCIIuDwnMM.q2ZyjzUAjZTXPmAEiXPoqsXdy,2026-01-01
K6--00043,en_US,,k6test43@k6-loadtest.local,Mr,LoadTest,User43,K6 Load Test Company 043,Male,,$2y$10$BfK63PmaH/mYpHNfVjCIIuDwnMM.q2ZyjzUAjZTXPmAEiXPoqsXdy,2026-01-01
K6--00044,en_US,,k6test44@k6-loadtest.local,Mr,LoadTest,User44,K6 Load Test Company 044,Male,,$2y$10$BfK63PmaH/mYpHNfVjCIIuDwnMM.q2ZyjzUAjZTXPmAEiXPoqsXdy,2026-01-01
K6--00045,en_US,,k6test45@k6-loadtest.local,Mr,LoadTest,User45,K6 Load Test Company 045,Male,,$2y$10$BfK63PmaH/mYpHNfVjCIIuDwnMM.q2ZyjzUAjZTXPmAEiXPoqsXdy,2026-01-01
K6--00046,en_US,,k6test46@k6-loadtest.local,Mr,LoadTest,User46,K6 Load Test Company 046,Male,,$2y$10$BfK63PmaH/mYpHNfVjCIIuDwnMM.q2ZyjzUAjZTXPmAEiXPoqsXdy,2026-01-01
K6--00047,en_US,,k6test47@k6-loadtest.local,Mr,LoadTest,User47,K6 Load Test Company 047,Male,,$2y$10$BfK63PmaH/mYpHNfVjCIIuDwnMM.q2ZyjzUAjZTXPmAEiXPoqsXdy,2026-01-01
K6--00048,en_US,,k6test48@k6-loadtest.local,Mr,LoadTest,User48,K6 Load Test Company 048,Male,,$2y$10$BfK63PmaH/mYpHNfVjCIIuDwnMM.q2ZyjzUAjZTXPmAEiXPoqsXdy,2026-01-01
K6--00049,en_US,,k6test49@k6-loadtest.local,Mr,LoadTest,User49,K6 Load Test Company 049,Male,,$2y$10$BfK63PmaH/mYpHNfVjCIIuDwnMM.q2ZyjzUAjZTXPmAEiXPoqsXdy,2026-01-01
K6--00050,en_US,,k6test50@k6-loadtest.local,Mr,LoadTest,User50,K6 Load Test Company 050,Male,,$2y$10$BfK63PmaH/mYpHNfVjCIIuDwnMM.q2ZyjzUAjZTXPmAEiXPoqsXdy,2026-01-01
K6--00051,en_US,,k6test51@k6-loadtest.local,Mr,LoadTest,User51,K6 Load Test Company 001,Male,,$2y$10$BfK63PmaH/mYpHNfVjCIIuDwnMM.q2ZyjzUAjZTXPmAEiXPoqsXdy,2026-01-01
K6--00052,en_US,,k6test52@k6-loadtest.local,Mr,LoadTest,User52,K6 Load Test Company 002,Male,,$2y$10$BfK63PmaH/mYpHNfVjCIIuDwnMM.q2ZyjzUAjZTXPmAEiXPoqsXdy,2026-01-01
K6--00053,en_US,,k6test53@k6-loadtest.local,Mr,LoadTest,User53,K6 Load Test Company 003,Male,,$2y$10$BfK63PmaH/mYpHNfVjCIIuDwnMM.q2ZyjzUAjZTXPmAEiXPoqsXdy,2026-01-01
K6--00054,en_US,,k6test54@k6-loadtest.local,Mr,LoadTest,User54,K6 Load Test Company 004,Male,,$2y$10$BfK63PmaH/mYpHNfVjCIIuDwnMM.q2ZyjzUAjZTXPmAEiXPoqsXdy,2026-01-01
K6--00055,en_US,,k6test55@k6-loadtest.local,Mr,LoadTest,User55,K6 Load Test Company 005,Male,,$2y$10$BfK63PmaH/mYpHNfVjCIIuDwnMM.q2ZyjzUAjZTXPmAEiXPoqsXdy,2026-01-01
K6--00056,en_US,,k6test56@k6-loadtest.local,Mr,LoadTest,User56,K6 Load Test Company 006,Male,,$2y$10$BfK63PmaH/mYpHNfVjCIIuDwnMM.q2ZyjzUAjZTXPmAEiXPoqsXdy,2026-01-01
K6--00057,en_US,,k6test57@k6-loadtest.local,Mr,LoadTest,User57,K6 Load Test Company 007,Male,,$2y$10$BfK63PmaH/mYpHNfVjCIIuDwnMM.q2ZyjzUAjZTXPmAEiXPoqsXdy,2026-01-01
K6--00058,en_US,,k6test58@k6-loadtest.local,Mr,LoadTest,User58,K6 Load Test Company 008,Male,,$2y$10$BfK63PmaH/mYpHNfVjCIIuDwnMM.q2ZyjzUAjZTXPmAEiXPoqsXdy,2026-01-01
K6--00059,en_US,,k6test59@k6-loadtest.local,Mr,LoadTest,User59,K6 Load Test Company 009,Male,,$2y$10$BfK63PmaH/mYpHNfVjCIIuDwnMM.q2ZyjzUAjZTXPmAEiXPoqsXdy,2026-01-01
K6--00060,en_US,,k6test60@k6-loadtest.local,Mr,LoadTest,User60,K6 Load Test Company 010,Male,,$2y$10$BfK63PmaH/mYpHNfVjCIIuDwnMM.q2ZyjzUAjZTXPmAEiXPoqsXdy,2026-01-01
K6--00061,en_US,,k6test61@k6-loadtest.local,Mr,LoadTest,User61,K6 Load Test Company 011,Male,,$2y$10$BfK63PmaH/mYpHNfVjCIIuDwnMM.q2ZyjzUAjZTXPmAEiXPoqsXdy,2026-01-01
K6--00062,en_US,,k6test62@k6-loadtest.local,Mr,LoadTest,User62,K6 Load Test Company 012,Male,,$2y$10$BfK63PmaH/mYpHNfVjCIIuDwnMM.q2ZyjzUAjZTXPmAEiXPoqsXdy,2026-01-01
K6--00063,en_US,,k6test63@k6-loadtest.local,Mr,LoadTest,User63,K6 Load Test Company 013,Male,,$2y$10$BfK63PmaH/mYpHNfVjCIIuDwnMM.q2ZyjzUAjZTXPmAEiXPoqsXdy,2026-01-01
K6--00064,en_US,,k6test64@k6-loadtest.local,Mr,LoadTest,User64,K6 Load Test Company 014,Male,,$2y$10$BfK63PmaH/mYpHNfVjCIIuDwnMM.q2ZyjzUAjZTXPmAEiXPoqsXdy,2026-01-01
K6--00065,en_US,,k6test65@k6-loadtest.local,Mr,LoadTest,User65,K6 Load Test Company 015,Male,,$2y$10$BfK63PmaH/mYpHNfVjCIIuDwnMM.q2ZyjzUAjZTXPmAEiXPoqsXdy,2026-01-01
K6--00066,en_US,,k6test66@k6-loadtest.local,Mr,LoadTest,User66,K6 Load Test Company 016,Male,,$2y$10$BfK63PmaH/mYpHNfVjCIIuDwnMM.q2ZyjzUAjZTXPmAEiXPoqsXdy,2026-01-01
K6--00067,en_US,,k6test67@k6-loadtest.local,Mr,LoadTest,User67,K6 Load Test Company 017,Male,,$2y$10$BfK63PmaH/mYpHNfVjCIIuDwnMM.q2ZyjzUAjZTXPmAEiXPoqsXdy,2026-01-01
K6--00068,en_US,,k6test68@k6-loadtest.local,Mr,LoadTest,User68,K6 Load Test Company 018,Male,,$2y$10$BfK63PmaH/mYpHNfVjCIIuDwnMM.q2ZyjzUAjZTXPmAEiXPoqsXdy,2026-01-01
K6--00069,en_US,,k6test69@k6-loadtest.local,Mr,LoadTest,User69,K6 Load Test Company 019,Male,,$2y$10$BfK63PmaH/mYpHNfVjCIIuDwnMM.q2ZyjzUAjZTXPmAEiXPoqsXdy,2026-01-01
K6--00070,en_US,,k6test70@k6-loadtest.local,Mr,LoadTest,User70,K6 Load Test Company 020,Male,,$2y$10$BfK63PmaH/mYpHNfVjCIIuDwnMM.q2ZyjzUAjZTXPmAEiXPoqsXdy,2026-01-01
K6--00071,en_US,,k6test71@k6-loadtest.local,Mr,LoadTest,User71,K6 Load Test Company 021,Male,,$2y$10$BfK63PmaH/mYpHNfVjCIIuDwnMM.q2ZyjzUAjZTXPmAEiXPoqsXdy,2026-01-01
K6--00072,en_US,,k6test72@k6-loadtest.local,Mr,LoadTest,User72,K6 Load Test Company 022,Male,,$2y$10$BfK63PmaH/mYpHNfVjCIIuDwnMM.q2ZyjzUAjZTXPmAEiXPoqsXdy,2026-01-01
K6--00073,en_US,,k6test73@k6-loadtest.local,Mr,LoadTest,User73,K6 Load Test Company 023,Male,,$2y$10$BfK63PmaH/mYpHNfVjCIIuDwnMM.q2ZyjzUAjZTXPmAEiXPoqsXdy,2026-01-01
K6--00074,en_US,,k6test74@k6-loadtest.local,Mr,LoadTest,User74,K6 Load Test Company 024,Male,,$2y$10$BfK63PmaH/mYpHNfVjCIIuDwnMM.q2ZyjzUAjZTXPmAEiXPoqsXdy,2026-01-01
K6--00075,en_US,,k6test75@k6-loadtest.local,Mr,LoadTest,User75,K6 Load Test Company 025,Male,,$2y$10$BfK63PmaH/mYpHNfVjCIIuDwnMM.q2ZyjzUAjZTXPmAEiXPoqsXdy,2026-01-01
K6--00076,en_US,,k6test76@k6-loadtest.local,Mr,LoadTest,User76,K6 Load Test Company 026,Male,,$2y$10$BfK63PmaH/mYpHNfVjCIIuDwnMM.q2ZyjzUAjZTXPmAEiXPoqsXdy,2026-01-01
K6--00077,en_US,,k6test77@k6-loadtest.local,Mr,LoadTest,User77,K6 Load Test Company 027,Male,,$2y$10$BfK63PmaH/mYpHNfVjCIIuDwnMM.q2ZyjzUAjZTXPmAEiXPoqsXdy,2026-01-01
K6--00078,en_US,,k6test78@k6-loadtest.local,Mr,LoadTest,User78,K6 Load Test Company 028,Male,,$2y$10$BfK63PmaH/mYpHNfVjCIIuDwnMM.q2ZyjzUAjZTXPmAEiXPoqsXdy,2026-01-01
K6--00079,en_US,,k6test79@k6-loadtest.local,Mr,LoadTest,User79,K6 Load Test Company 029,Male,,$2y$10$BfK63PmaH/mYpHNfVjCIIuDwnMM.q2ZyjzUAjZTXPmAEiXPoqsXdy,2026-01-01
K6--00080,en_US,,k6test80@k6-loadtest.local,Mr,LoadTest,User80,K6 Load Test Company 030,Male,,$2y$10$BfK63PmaH/mYpHNfVjCIIuDwnMM.q2ZyjzUAjZTXPmAEiXPoqsXdy,2026-01-01
K6--00081,en_US,,k6test81@k6-loadtest.local,Mr,LoadTest,User81,K6 Load Test Company 031,Male,,$2y$10$BfK63PmaH/mYpHNfVjCIIuDwnMM.q2ZyjzUAjZTXPmAEiXPoqsXdy,2026-01-01
K6--00082,en_US,,k6test82@k6-loadtest.local,Mr,LoadTest,User82,K6 Load Test Company 032,Male,,$2y$10$BfK63PmaH/mYpHNfVjCIIuDwnMM.q2ZyjzUAjZTXPmAEiXPoqsXdy,2026-01-01
K6--00083,en_US,,k6test83@k6-loadtest.local,Mr,LoadTest,User83,K6 Load Test Company 033,Male,,$2y$10$BfK63PmaH/mYpHNfVjCIIuDwnMM.q2ZyjzUAjZTXPmAEiXPoqsXdy,2026-01-01
K6--00084,en_US,,k6test84@k6-loadtest.local,Mr,LoadTest,User84,K6 Load Test Company 034,Male,,$2y$10$BfK63PmaH/mYpHNfVjCIIuDwnMM.q2ZyjzUAjZTXPmAEiXPoqsXdy,2026-01-01
K6--00085,en_US,,k6test85@k6-loadtest.local,Mr,LoadTest,User85,K6 Load Test Company 035,Male,,$2y$10$BfK63PmaH/mYpHNfVjCIIuDwnMM.q2ZyjzUAjZTXPmAEiXPoqsXdy,2026-01-01
K6--00086,en_US,,k6test86@k6-loadtest.local,Mr,LoadTest,User86,K6 Load Test Company 036,Male,,$2y$10$BfK63PmaH/mYpHNfVjCIIuDwnMM.q2ZyjzUAjZTXPmAEiXPoqsXdy,2026-01-01
K6--00087,en_US,,k6test87@k6-loadtest.local,Mr,LoadTest,User87,K6 Load Test Company 037,Male,,$2y$10$BfK63PmaH/mYpHNfVjCIIuDwnMM.q2ZyjzUAjZTXPmAEiXPoqsXdy,2026-01-01
K6--00088,en_US,,k6test88@k6-loadtest.local,Mr,LoadTest,User88,K6 Load Test Company 038,Male,,$2y$10$BfK63PmaH/mYpHNfVjCIIuDwnMM.q2ZyjzUAjZTXPmAEiXPoqsXdy,2026-01-01
K6--00089,en_US,,k6test89@k6-loadtest.local,Mr,LoadTest,User89,K6 Load Test Company 039,Male,,$2y$10$BfK63PmaH/mYpHNfVjCIIuDwnMM.q2ZyjzUAjZTXPmAEiXPoqsXdy,2026-01-01
K6--00090,en_US,,k6test90@k6-loadtest.local,Mr,LoadTest,User90,K6 Load Test Company 040,Male,,$2y$10$BfK63PmaH/mYpHNfVjCIIuDwnMM.q2ZyjzUAjZTXPmAEiXPoqsXdy,2026-01-01
K6--00091,en_US,,k6test91@k6-loadtest.local,Mr,LoadTest,User91,K6 Load Test Company 041,Male,,$2y$10$BfK63PmaH/mYpHNfVjCIIuDwnMM.q2ZyjzUAjZTXPmAEiXPoqsXdy,2026-01-01
K6--00092,en_US,,k6test92@k6-loadtest.local,Mr,LoadTest,User92,K6 Load Test Company 042,Male,,$2y$10$BfK63PmaH/mYpHNfVjCIIuDwnMM.q2ZyjzUAjZTXPmAEiXPoqsXdy,2026-01-01
K6--00093,en_US,,k6test93@k6-loadtest.local,Mr,LoadTest,User93,K6 Load Test Company 043,Male,,$2y$10$BfK63PmaH/mYpHNfVjCIIuDwnMM.q2ZyjzUAjZTXPmAEiXPoqsXdy,2026-01-01
K6--00094,en_US,,k6test94@k6-loadtest.local,Mr,LoadTest,User94,K6 Load Test Company 044,Male,,$2y$10$BfK63PmaH/mYpHNfVjCIIuDwnMM.q2ZyjzUAjZTXPmAEiXPoqsXdy,2026-01-01
K6--00095,en_US,,k6test95@k6-loadtest.local,Mr,LoadTest,User95,K6 Load Test Company 045,Male,,$2y$10$BfK63PmaH/mYpHNfVjCIIuDwnMM.q2ZyjzUAjZTXPmAEiXPoqsXdy,2026-01-01
K6--00096,en_US,,k6test96@k6-loadtest.local,Mr,LoadTest,User96,K6 Load Test Company 046,Male,,$2y$10$BfK63PmaH/mYpHNfVjCIIuDwnMM.q2ZyjzUAjZTXPmAEiXPoqsXdy,2026-01-01
K6--00097,en_US,,k6test97@k6-loadtest.local,Mr,LoadTest,User97,K6 Load Test Company 047,Male,,$2y$10$BfK63PmaH/mYpHNfVjCIIuDwnMM.q2ZyjzUAjZTXPmAEiXPoqsXdy,2026-01-01
K6--00098,en_US,,k6test98@k6-loadtest.local,Mr,LoadTest,User98,K6 Load Test Company 048,Male,,$2y$10$BfK63PmaH/mYpHNfVjCIIuDwnMM.q2ZyjzUAjZTXPmAEiXPoqsXdy,2026-01-01
K6--00099,en_US,,k6test99@k6-loadtest.local,Mr,LoadTest,User99,K6 Load Test Company 049,Male,,$2y$10$BfK63PmaH/mYpHNfVjCIIuDwnMM.q2ZyjzUAjZTXPmAEiXPoqsXdy,2026-01-01
K6--00100,en_US,,k6test100@k6-loadtest.local,Mr,LoadTest,User100,K6 Load Test Company 050,Male,,$2y$10$BfK63PmaH/mYpHNfVjCIIuDwnMM.q2ZyjzUAjZTXPmAEiXPoqsXdy,2026-01-01
K6--00101,en_US,,k6test101@k6-loadtest.local,Mr,LoadTest,User101,K6 Load Test Company 001,Male,,$2y$10$BfK63PmaH/mYpHNfVjCIIuDwnMM.q2ZyjzUAjZTXPmAEiXPoqsXdy,2026-01-01
K6--00102,en_US,,k6test102@k6-loadtest.local,Mr,LoadTest,User102,K6 Load Test Company 002,Male,,$2y$10$BfK63PmaH/mYpHNfVjCIIuDwnMM.q2ZyjzUAjZTXPmAEiXPoqsXdy,2026-01-01
K6--00103,en_US,,k6test103@k6-loadtest.local,Mr,LoadTest,User103,K6 Load Test Company 003,Male,,$2y$10$BfK63PmaH/mYpHNfVjCIIuDwnMM.q2ZyjzUAjZTXPmAEiXPoqsXdy,2026-01-01
K6--00104,en_US,,k6test104@k6-loadtest.local,Mr,LoadTest,User104,K6 Load Test Company 004,Male,,$2y$10$BfK63PmaH/mYpHNfVjCIIuDwnMM.q2ZyjzUAjZTXPmAEiXPoqsXdy,2026-01-01
K6--00105,en_US,,k6test105@k6-loadtest.local,Mr,LoadTest,User105,K6 Load Test Company 005,Male,,$2y$10$BfK63PmaH/mYpHNfVjCIIuDwnMM.q2ZyjzUAjZTXPmAEiXPoqsXdy,2026-01-01
K6--00106,en_US,,k6test106@k6-loadtest.local,Mr,LoadTest,User106,K6 Load Test Company 006,Male,,$2y$10$BfK63PmaH/mYpHNfVjCIIuDwnMM.q2ZyjzUAjZTXPmAEiXPoqsXdy,2026-01-01
K6--00107,en_US,,k6test107@k6-loadtest.local,Mr,LoadTest,User107,K6 Load Test Company 007,Male,,$2y$10$BfK63PmaH/mYpHNfVjCIIuDwnMM.q2ZyjzUAjZTXPmAEiXPoqsXdy,2026-01-01
K6--00108,en_US,,k6test108@k6-loadtest.local,Mr,LoadTest,User108,K6 Load Test Company 008,Male,,$2y$10$BfK63PmaH/mYpHNfVjCIIuDwnMM.q2ZyjzUAjZTXPmAEiXPoqsXdy,2026-01-01
K6--00109,en_US,,k6test109@k6-loadtest.local,Mr,LoadTest,User109,K6 Load Test Company 009,Male,,$2y$10$BfK63PmaH/mYpHNfVjCIIuDwnMM.q2ZyjzUAjZTXPmAEiXPoqsXdy,2026-01-01
K6--00110,en_US,,k6test110@k6-loadtest.local,Mr,LoadTest,User110,K6 Load Test Company 010,Male,,$2y$10$BfK63PmaH/mYpHNfVjCIIuDwnMM.q2ZyjzUAjZTXPmAEiXPoqsXdy,2026-01-01
K6--00111,en_US,,k6test111@k6-loadtest.local,Mr,LoadTest,User111,K6 Load Test Company 011,Male,,$2y$10$BfK63PmaH/mYpHNfVjCIIuDwnMM.q2ZyjzUAjZTXPmAEiXPoqsXdy,2026-01-01
K6--00112,en_US,,k6test112@k6-loadtest.local,Mr,LoadTest,User112,K6 Load Test Company 012,Male,,$2y$10$BfK63PmaH/mYpHNfVjCIIuDwnMM.q2ZyjzUAjZTXPmAEiXPoqsXdy,2026-01-01
K6--00113,en_US,,k6test113@k6-loadtest.local,Mr,LoadTest,User113,K6 Load Test Company 013,Male,,$2y$10$BfK63PmaH/mYpHNfVjCIIuDwnMM.q2ZyjzUAjZTXPmAEiXPoqsXdy,2026-01-01
K6--00114,en_US,,k6test114@k6-loadtest.local,Mr,LoadTest,User114,K6 Load Test Company 014,Male,,$2y$10$BfK63PmaH/mYpHNfVjCIIuDwnMM.q2ZyjzUAjZTXPmAEiXPoqsXdy,2026-01-01
K6--00115,en_US,,k6test115@k6-loadtest.local,Mr,LoadTest,User115,K6 Load Test Company 015,Male,,$2y$10$BfK63PmaH/mYpHNfVjCIIuDwnMM.q2ZyjzUAjZTXPmAEiXPoqsXdy,2026-01-01
K6--00116,en_US,,k6test116@k6-loadtest.local,Mr,LoadTest,User116,K6 Load Test Company 016,Male,,$2y$10$BfK63PmaH/mYpHNfVjCIIuDwnMM.q2ZyjzUAjZTXPmAEiXPoqsXdy,2026-01-01
K6--00117,en_US,,k6test117@k6-loadtest.local,Mr,LoadTest,User117,K6 Load Test Company 017,Male,,$2y$10$BfK63PmaH/mYpHNfVjCIIuDwnMM.q2ZyjzUAjZTXPmAEiXPoqsXdy,2026-01-01
K6--00118,en_US,,k6test118@k6-loadtest.local,Mr,LoadTest,User118,K6 Load Test Company 018,Male,,$2y$10$BfK63PmaH/mYpHNfVjCIIuDwnMM.q2ZyjzUAjZTXPmAEiXPoqsXdy,2026-01-01
K6--00119,en_US,,k6test119@k6-loadtest.local,Mr,LoadTest,User119,K6 Load Test Company 019,Male,,$2y$10$BfK63PmaH/mYpHNfVjCIIuDwnMM.q2ZyjzUAjZTXPmAEiXPoqsXdy,2026-01-01
K6--00120,en_US,,k6test120@k6-loadtest.local,Mr,LoadTest,User120,K6 Load Test Company 020,Male,,$2y$10$BfK63PmaH/mYpHNfVjCIIuDwnMM.q2ZyjzUAjZTXPmAEiXPoqsXdy,2026-01-01
K6--00121,en_US,,k6test121@k6-loadtest.local,Mr,LoadTest,User121,K6 Load Test Company 021,Male,,$2y$10$BfK63PmaH/mYpHNfVjCIIuDwnMM.q2ZyjzUAjZTXPmAEiXPoqsXdy,2026-01-01
K6--00122,en_US,,k6test122@k6-loadtest.local,Mr,LoadTest,User122,K6 Load Test Company 022,Male,,$2y$10$BfK63PmaH/mYpHNfVjCIIuDwnMM.q2ZyjzUAjZTXPmAEiXPoqsXdy,2026-01-01
K6--00123,en_US,,k6test123@k6-loadtest.local,Mr,LoadTest,User123,K6 Load Test Company 023,Male,,$2y$10$BfK63PmaH/mYpHNfVjCIIuDwnMM.q2ZyjzUAjZTXPmAEiXPoqsXdy,2026-01-01
K6--00124,en_US,,k6test124@k6-loadtest.local,Mr,LoadTest,User124,K6 Load Test Company 024,Male,,$2y$10$BfK63PmaH/mYpHNfVjCIIuDwnMM.q2ZyjzUAjZTXPmAEiXPoqsXdy,2026-01-01
K6--00125,en_US,,k6test125@k6-loadtest.local,Mr,LoadTest,User125,K6 Load Test Company 025,Male,,$2y$10$BfK63PmaH/mYpHNfVjCIIuDwnMM.q2ZyjzUAjZTXPmAEiXPoqsXdy,2026-01-01
K6--00126,en_US,,k6test126@k6-loadtest.local,Mr,LoadTest,User126,K6 Load Test Company 026,Male,,$2y$10$BfK63PmaH/mYpHNfVjCIIuDwnMM.q2ZyjzUAjZTXPmAEiXPoqsXdy,2026-01-01
K6--00127,en_US,,k6test127@k6-loadtest.local,Mr,LoadTest,User127,K6 Load Test Company 027,Male,,$2y$10$BfK63PmaH/mYpHNfVjCIIuDwnMM.q2ZyjzUAjZTXPmAEiXPoqsXdy,2026-01-01
K6--00128,en_US,,k6test128@k6-loadtest.local,Mr,LoadTest,User128,K6 Load Test Company 028,Male,,$2y$10$BfK63PmaH/mYpHNfVjCIIuDwnMM.q2ZyjzUAjZTXPmAEiXPoqsXdy,2026-01-01
K6--00129,en_US,,k6test129@k6-loadtest.local,Mr,LoadTest,User129,K6 Load Test Company 029,Male,,$2y$10$BfK63PmaH/mYpHNfVjCIIuDwnMM.q2ZyjzUAjZTXPmAEiXPoqsXdy,2026-01-01
K6--00130,en_US,,k6test130@k6-loadtest.local,Mr,LoadTest,User130,K6 Load Test Company 030,Male,,$2y$10$BfK63PmaH/mYpHNfVjCIIuDwnMM.q2ZyjzUAjZTXPmAEiXPoqsXdy,2026-01-01
K6--00131,en_US,,k6test131@k6-loadtest.local,Mr,LoadTest,User131,K6 Load Test Company 031,Male,,$2y$10$BfK63PmaH/mYpHNfVjCIIuDwnMM.q2ZyjzUAjZTXPmAEiXPoqsXdy,2026-01-01
K6--00132,en_US,,k6test132@k6-loadtest.local,Mr,LoadTest,User132,K6 Load Test Company 032,Male,,$2y$10$BfK63PmaH/mYpHNfVjCIIuDwnMM.q2ZyjzUAjZTXPmAEiXPoqsXdy,2026-01-01
K6--00133,en_US,,k6test133@k6-loadtest.local,Mr,LoadTest,User133,K6 Load Test Company 033,Male,,$2y$10$BfK63PmaH/mYpHNfVjCIIuDwnMM.q2ZyjzUAjZTXPmAEiXPoqsXdy,2026-01-01
K6--00134,en_US,,k6test134@k6-loadtest.local,Mr,LoadTest,User134,K6 Load Test Company 034,Male,,$2y$10$BfK63PmaH/mYpHNfVjCIIuDwnMM.q2ZyjzUAjZTXPmAEiXPoqsXdy,2026-01-01
K6--00135,en_US,,k6test135@k6-loadtest.local,Mr,LoadTest,User135,K6 Load Test Company 035,Male,,$2y$10$BfK63PmaH/mYpHNfVjCIIuDwnMM.q2ZyjzUAjZTXPmAEiXPoqsXdy,2026-01-01
K6--00136,en_US,,k6test136@k6-loadtest.local,Mr,LoadTest,User136,K6 Load Test Company 036,Male,,$2y$10$BfK63PmaH/mYpHNfVjCIIuDwnMM.q2ZyjzUAjZTXPmAEiXPoqsXdy,2026-01-01
K6--00137,en_US,,k6test137@k6-loadtest.local,Mr,LoadTest,User137,K6 Load Test Company 037,Male,,$2y$10$BfK63PmaH/mYpHNfVjCIIuDwnMM.q2ZyjzUAjZTXPmAEiXPoqsXdy,2026-01-01
K6--00138,en_US,,k6test138@k6-loadtest.local,Mr,LoadTest,User138,K6 Load Test Company 038,Male,,$2y$10$BfK63PmaH/mYpHNfVjCIIuDwnMM.q2ZyjzUAjZTXPmAEiXPoqsXdy,2026-01-01
K6--00139,en_US,,k6test139@k6-loadtest.local,Mr,LoadTest,User139,K6 Load Test Company 039,Male,,$2y$10$BfK63PmaH/mYpHNfVjCIIuDwnMM.q2ZyjzUAjZTXPmAEiXPoqsXdy,2026-01-01
K6--00140,en_US,,k6test140@k6-loadtest.local,Mr,LoadTest,User140,K6 Load Test Company 040,Male,,$2y$10$BfK63PmaH/mYpHNfVjCIIuDwnMM.q2ZyjzUAjZTXPmAEiXPoqsXdy,2026-01-01
K6--00141,en_US,,k6test141@k6-loadtest.local,Mr,LoadTest,User141,K6 Load Test Company 041,Male,,$2y$10$BfK63PmaH/mYpHNfVjCIIuDwnMM.q2ZyjzUAjZTXPmAEiXPoqsXdy,2026-01-01
K6--00142,en_US,,k6test142@k6-loadtest.local,Mr,LoadTest,User142,K6 Load Test Company 042,Male,,$2y$10$BfK63PmaH/mYpHNfVjCIIuDwnMM.q2ZyjzUAjZTXPmAEiXPoqsXdy,2026-01-01
K6--00143,en_US,,k6test143@k6-loadtest.local,Mr,LoadTest,User143,K6 Load Test Company 043,Male,,$2y$10$BfK63PmaH/mYpHNfVjCIIuDwnMM.q2ZyjzUAjZTXPmAEiXPoqsXdy,2026-01-01
K6--00144,en_US,,k6test144@k6-loadtest.local,Mr,LoadTest,User144,K6 Load Test Company 044,Male,,$2y$10$BfK63PmaH/mYpHNfVjCIIuDwnMM.q2ZyjzUAjZTXPmAEiXPoqsXdy,2026-01-01
K6--00145,en_US,,k6test145@k6-loadtest.local,Mr,LoadTest,User145,K6 Load Test Company 045,Male,,$2y$10$BfK63PmaH/mYpHNfVjCIIuDwnMM.q2ZyjzUAjZTXPmAEiXPoqsXdy,2026-01-01
K6--00146,en_US,,k6test146@k6-loadtest.local,Mr,LoadTest,User146,K6 Load Test Company 046,Male,,$2y$10$BfK63PmaH/mYpHNfVjCIIuDwnMM.q2ZyjzUAjZTXPmAEiXPoqsXdy,2026-01-01
K6--00147,en_US,,k6test147@k6-loadtest.local,Mr,LoadTest,User147,K6 Load Test Company 047,Male,,$2y$10$BfK63PmaH/mYpHNfVjCIIuDwnMM.q2ZyjzUAjZTXPmAEiXPoqsXdy,2026-01-01
K6--00148,en_US,,k6test148@k6-loadtest.local,Mr,LoadTest,User148,K6 Load Test Company 048,Male,,$2y$10$BfK63PmaH/mYpHNfVjCIIuDwnMM.q2ZyjzUAjZTXPmAEiXPoqsXdy,2026-01-01
K6--00149,en_US,,k6test149@k6-loadtest.local,Mr,LoadTest,User149,K6 Load Test Company 049,Male,,$2y$10$BfK63PmaH/mYpHNfVjCIIuDwnMM.q2ZyjzUAjZTXPmAEiXPoqsXdy,2026-01-01
K6--00150,en_US,,k6test150@k6-loadtest.local,Mr,LoadTest,User150,K6 Load Test Company 050,Male,,$2y$10$BfK63PmaH/mYpHNfVjCIIuDwnMM.q2ZyjzUAjZTXPmAEiXPoqsXdy,2026-01-01
K6--00151,en_US,,k6test151@k6-loadtest.local,Mr,LoadTest,User151,K6 Load Test Company 001,Male,,$2y$10$BfK63PmaH/mYpHNfVjCIIuDwnMM.q2ZyjzUAjZTXPmAEiXPoqsXdy,2026-01-01
K6--00152,en_US,,k6test152@k6-loadtest.local,Mr,LoadTest,User152,K6 Load Test Company 002,Male,,$2y$10$BfK63PmaH/mYpHNfVjCIIuDwnMM.q2ZyjzUAjZTXPmAEiXPoqsXdy,2026-01-01
K6--00153,en_US,,k6test153@k6-loadtest.local,Mr,LoadTest,User153,K6 Load Test Company 003,Male,,$2y$10$BfK63PmaH/mYpHNfVjCIIuDwnMM.q2ZyjzUAjZTXPmAEiXPoqsXdy,2026-01-01
K6--00154,en_US,,k6test154@k6-loadtest.local,Mr,LoadTest,User154,K6 Load Test Company 004,Male,,$2y$10$BfK63PmaH/mYpHNfVjCIIuDwnMM.q2ZyjzUAjZTXPmAEiXPoqsXdy,2026-01-01
K6--00155,en_US,,k6test155@k6-loadtest.local,Mr,LoadTest,User155,K6 Load Test Company 005,Male,,$2y$10$BfK63PmaH/mYpHNfVjCIIuDwnMM.q2ZyjzUAjZTXPmAEiXPoqsXdy,2026-01-01
K6--00156,en_US,,k6test156@k6-loadtest.local,Mr,LoadTest,User156,K6 Load Test Company 006,Male,,$2y$10$BfK63PmaH/mYpHNfVjCIIuDwnMM.q2ZyjzUAjZTXPmAEiXPoqsXdy,2026-01-01
K6--00157,en_US,,k6test157@k6-loadtest.local,Mr,LoadTest,User157,K6 Load Test Company 007,Male,,$2y$10$BfK63PmaH/mYpHNfVjCIIuDwnMM.q2ZyjzUAjZTXPmAEiXPoqsXdy,2026-01-01
K6--00158,en_US,,k6test158@k6-loadtest.local,Mr,LoadTest,User158,K6 Load Test Company 008,Male,,$2y$10$BfK63PmaH/mYpHNfVjCIIuDwnMM.q2ZyjzUAjZTXPmAEiXPoqsXdy,2026-01-01
K6--00159,en_US,,k6test159@k6-loadtest.local,Mr,LoadTest,User159,K6 Load Test Company 009,Male,,$2y$10$BfK63PmaH/mYpHNfVjCIIuDwnMM.q2ZyjzUAjZTXPmAEiXPoqsXdy,2026-01-01
K6--00160,en_US,,k6test160@k6-loadtest.local,Mr,LoadTest,User160,K6 Load Test Company 010,Male,,$2y$10$BfK63PmaH/mYpHNfVjCIIuDwnMM.q2ZyjzUAjZTXPmAEiXPoqsXdy,2026-01-01
K6--00161,en_US,,k6test161@k6-loadtest.local,Mr,LoadTest,User161,K6 Load Test Company 011,Male,,$2y$10$BfK63PmaH/mYpHNfVjCIIuDwnMM.q2ZyjzUAjZTXPmAEiXPoqsXdy,2026-01-01
K6--00162,en_US,,k6test162@k6-loadtest.local,Mr,LoadTest,User162,K6 Load Test Company 012,Male,,$2y$10$BfK63PmaH/mYpHNfVjCIIuDwnMM.q2ZyjzUAjZTXPmAEiXPoqsXdy,2026-01-01
K6--00163,en_US,,k6test163@k6-loadtest.local,Mr,LoadTest,User163,K6 Load Test Company 013,Male,,$2y$10$BfK63PmaH/mYpHNfVjCIIuDwnMM.q2ZyjzUAjZTXPmAEiXPoqsXdy,2026-01-01
K6--00164,en_US,,k6test164@k6-loadtest.local,Mr,LoadTest,User164,K6 Load Test Company 014,Male,,$2y$10$BfK63PmaH/mYpHNfVjCIIuDwnMM.q2ZyjzUAjZTXPmAEiXPoqsXdy,2026-01-01
K6--00165,en_US,,k6test165@k6-loadtest.local,Mr,LoadTest,User165,K6 Load Test Company 015,Male,,$2y$10$BfK63PmaH/mYpHNfVjCIIuDwnMM.q2ZyjzUAjZTXPmAEiXPoqsXdy,2026-01-01
K6--00166,en_US,,k6test166@k6-loadtest.local,Mr,LoadTest,User166,K6 Load Test Company 016,Male,,$2y$10$BfK63PmaH/mYpHNfVjCIIuDwnMM.q2ZyjzUAjZTXPmAEiXPoqsXdy,2026-01-01
K6--00167,en_US,,k6test167@k6-loadtest.local,Mr,LoadTest,User167,K6 Load Test Company 017,Male,,$2y$10$BfK63PmaH/mYpHNfVjCIIuDwnMM.q2ZyjzUAjZTXPmAEiXPoqsXdy,2026-01-01
K6--00168,en_US,,k6test168@k6-loadtest.local,Mr,LoadTest,User168,K6 Load Test Company 018,Male,,$2y$10$BfK63PmaH/mYpHNfVjCIIuDwnMM.q2ZyjzUAjZTXPmAEiXPoqsXdy,2026-01-01
K6--00169,en_US,,k6test169@k6-loadtest.local,Mr,LoadTest,User169,K6 Load Test Company 019,Male,,$2y$10$BfK63PmaH/mYpHNfVjCIIuDwnMM.q2ZyjzUAjZTXPmAEiXPoqsXdy,2026-01-01
K6--00170,en_US,,k6test170@k6-loadtest.local,Mr,LoadTest,User170,K6 Load Test Company 020,Male,,$2y$10$BfK63PmaH/mYpHNfVjCIIuDwnMM.q2ZyjzUAjZTXPmAEiXPoqsXdy,2026-01-01
K6--00171,en_US,,k6test171@k6-loadtest.local,Mr,LoadTest,User171,K6 Load Test Company 021,Male,,$2y$10$BfK63PmaH/mYpHNfVjCIIuDwnMM.q2ZyjzUAjZTXPmAEiXPoqsXdy,2026-01-01
K6--00172,en_US,,k6test172@k6-loadtest.local,Mr,LoadTest,User172,K6 Load Test Company 022,Male,,$2y$10$BfK63PmaH/mYpHNfVjCIIuDwnMM.q2ZyjzUAjZTXPmAEiXPoqsXdy,2026-01-01
K6--00173,en_US,,k6test173@k6-loadtest.local,Mr,LoadTest,User173,K6 Load Test Company 023,Male,,$2y$10$BfK63PmaH/mYpHNfVjCIIuDwnMM.q2ZyjzUAjZTXPmAEiXPoqsXdy,2026-01-01
K6--00174,en_US,,k6test174@k6-loadtest.local,Mr,LoadTest,User174,K6 Load Test Company 024,Male,,$2y$10$BfK63PmaH/mYpHNfVjCIIuDwnMM.q2ZyjzUAjZTXPmAEiXPoqsXdy,2026-01-01
K6--00175,en_US,,k6test175@k6-loadtest.local,Mr,LoadTest,User175,K6 Load Test Company 025,Male,,$2y$10$BfK63PmaH/mYpHNfVjCIIuDwnMM.q2ZyjzUAjZTXPmAEiXPoqsXdy,2026-01-01
K6--00176,en_US,,k6test176@k6-loadtest.local,Mr,LoadTest,User176,K6 Load Test Company 026,Male,,$2y$10$BfK63PmaH/mYpHNfVjCIIuDwnMM.q2ZyjzUAjZTXPmAEiXPoqsXdy,2026-01-01
K6--00177,en_US,,k6test177@k6-loadtest.local,Mr,LoadTest,User177,K6 Load Test Company 027,Male,,$2y$10$BfK63PmaH/mYpHNfVjCIIuDwnMM.q2ZyjzUAjZTXPmAEiXPoqsXdy,2026-01-01
K6--00178,en_US,,k6test178@k6-loadtest.local,Mr,LoadTest,User178,K6 Load Test Company 028,Male,,$2y$10$BfK63PmaH/mYpHNfVjCIIuDwnMM.q2ZyjzUAjZTXPmAEiXPoqsXdy,2026-01-01
K6--00179,en_US,,k6test179@k6-loadtest.local,Mr,LoadTest,User179,K6 Load Test Company 029,Male,,$2y$10$BfK63PmaH/mYpHNfVjCIIuDwnMM.q2ZyjzUAjZTXPmAEiXPoqsXdy,2026-01-01
K6--00180,en_US,,k6test180@k6-loadtest.local,Mr,LoadTest,User180,K6 Load Test Company 030,Male,,$2y$10$BfK63PmaH/mYpHNfVjCIIuDwnMM.q2ZyjzUAjZTXPmAEiXPoqsXdy,2026-01-01
K6--00181,en_US,,k6test181@k6-loadtest.local,Mr,LoadTest,User181,K6 Load Test Company 031,Male,,$2y$10$BfK63PmaH/mYpHNfVjCIIuDwnMM.q2ZyjzUAjZTXPmAEiXPoqsXdy,2026-01-01
K6--00182,en_US,,k6test182@k6-loadtest.local,Mr,LoadTest,User182,K6 Load Test Company 032,Male,,$2y$10$BfK63PmaH/mYpHNfVjCIIuDwnMM.q2ZyjzUAjZTXPmAEiXPoqsXdy,2026-01-01
K6--00183,en_US,,k6test183@k6-loadtest.local,Mr,LoadTest,User183,K6 Load Test Company 033,Male,,$2y$10$BfK63PmaH/mYpHNfVjCIIuDwnMM.q2ZyjzUAjZTXPmAEiXPoqsXdy,2026-01-01
K6--00184,en_US,,k6test184@k6-loadtest.local,Mr,LoadTest,User184,K6 Load Test Company 034,Male,,$2y$10$BfK63PmaH/mYpHNfVjCIIuDwnMM.q2ZyjzUAjZTXPmAEiXPoqsXdy,2026-01-01
K6--00185,en_US,,k6test185@k6-loadtest.local,Mr,LoadTest,User185,K6 Load Test Company 035,Male,,$2y$10$BfK63PmaH/mYpHNfVjCIIuDwnMM.q2ZyjzUAjZTXPmAEiXPoqsXdy,2026-01-01
K6--00186,en_US,,k6test186@k6-loadtest.local,Mr,LoadTest,User186,K6 Load Test Company 036,Male,,$2y$10$BfK63PmaH/mYpHNfVjCIIuDwnMM.q2ZyjzUAjZTXPmAEiXPoqsXdy,2026-01-01
K6--00187,en_US,,k6test187@k6-loadtest.local,Mr,LoadTest,User187,K6 Load Test Company 037,Male,,$2y$10$BfK63PmaH/mYpHNfVjCIIuDwnMM.q2ZyjzUAjZTXPmAEiXPoqsXdy,2026-01-01
K6--00188,en_US,,k6test188@k6-loadtest.local,Mr,LoadTest,User188,K6 Load Test Company 038,Male,,$2y$10$BfK63PmaH/mYpHNfVjCIIuDwnMM.q2ZyjzUAjZTXPmAEiXPoqsXdy,2026-01-01
K6--00189,en_US,,k6test189@k6-loadtest.local,Mr,LoadTest,User189,K6 Load Test Company 039,Male,,$2y$10$BfK63PmaH/mYpHNfVjCIIuDwnMM.q2ZyjzUAjZTXPmAEiXPoqsXdy,2026-01-01
K6--00190,en_US,,k6test190@k6-loadtest.local,Mr,LoadTest,User190,K6 Load Test Company 040,Male,,$2y$10$BfK63PmaH/mYpHNfVjCIIuDwnMM.q2ZyjzUAjZTXPmAEiXPoqsXdy,2026-01-01
K6--00191,en_US,,k6test191@k6-loadtest.local,Mr,LoadTest,User191,K6 Load Test Company 041,Male,,$2y$10$BfK63PmaH/mYpHNfVjCIIuDwnMM.q2ZyjzUAjZTXPmAEiXPoqsXdy,2026-01-01
K6--00192,en_US,,k6test192@k6-loadtest.local,Mr,LoadTest,User192,K6 Load Test Company 042,Male,,$2y$10$BfK63PmaH/mYpHNfVjCIIuDwnMM.q2ZyjzUAjZTXPmAEiXPoqsXdy,2026-01-01
K6--00193,en_US,,k6test193@k6-loadtest.local,Mr,LoadTest,User193,K6 Load Test Company 043,Male,,$2y$10$BfK63PmaH/mYpHNfVjCIIuDwnMM.q2ZyjzUAjZTXPmAEiXPoqsXdy,2026-01-01
K6--00194,en_US,,k6test194@k6-loadtest.local,Mr,LoadTest,User194,K6 Load Test Company 044,Male,,$2y$10$BfK63PmaH/mYpHNfVjCIIuDwnMM.q2ZyjzUAjZTXPmAEiXPoqsXdy,2026-01-01
K6--00195,en_US,,k6test195@k6-loadtest.local,Mr,LoadTest,User195,K6 Load Test Company 045,Male,,$2y$10$BfK63PmaH/mYpHNfVjCIIuDwnMM.q2ZyjzUAjZTXPmAEiXPoqsXdy,2026-01-01
K6--00196,en_US,,k6test196@k6-loadtest.local,Mr,LoadTest,User196,K6 Load Test Company 046,Male,,$2y$10$BfK63PmaH/mYpHNfVjCIIuDwnMM.q2ZyjzUAjZTXPmAEiXPoqsXdy,2026-01-01
K6--00197,en_US,,k6test197@k6-loadtest.local,Mr,LoadTest,User197,K6 Load Test Company 047,Male,,$2y$10$BfK63PmaH/mYpHNfVjCIIuDwnMM.q2ZyjzUAjZTXPmAEiXPoqsXdy,2026-01-01
K6--00198,en_US,,k6test198@k6-loadtest.local,Mr,LoadTest,User198,K6 Load Test Company 048,Male,,$2y$10$BfK63PmaH/mYpHNfVjCIIuDwnMM.q2ZyjzUAjZTXPmAEiXPoqsXdy,2026-01-01
K6--00199,en_US,,k6test199@k6-loadtest.local,Mr,LoadTest,User199,K6 Load Test Company 049,Male,,$2y$10$BfK63PmaH/mYpHNfVjCIIuDwnMM.q2ZyjzUAjZTXPmAEiXPoqsXdy,2026-01-01
K6--00200,en_US,,k6test200@k6-loadtest.local,Mr,LoadTest,User200,K6 Load Test Company 050,Male,,$2y$10$BfK63PmaH/mYpHNfVjCIIuDwnMM.q2ZyjzUAjZTXPmAEiXPoqsXdy,2026-01-01
K6--00201,en_US,,k6test201@k6-loadtest.local,Mr,LoadTest,User201,K6 Load Test Company 001,Male,,$2y$10$BfK63PmaH/mYpHNfVjCIIuDwnMM.q2ZyjzUAjZTXPmAEiXPoqsXdy,2026-01-01
K6--00202,en_US,,k6test202@k6-loadtest.local,Mr,LoadTest,User202,K6 Load Test Company 002,Male,,$2y$10$BfK63PmaH/mYpHNfVjCIIuDwnMM.q2ZyjzUAjZTXPmAEiXPoqsXdy,2026-01-01
K6--00203,en_US,,k6test203@k6-loadtest.local,Mr,LoadTest,User203,K6 Load Test Company 003,Male,,$2y$10$BfK63PmaH/mYpHNfVjCIIuDwnMM.q2ZyjzUAjZTXPmAEiXPoqsXdy,2026-01-01
K6--00204,en_US,,k6test204@k6-loadtest.local,Mr,LoadTest,User204,K6 Load Test Company 004,Male,,$2y$10$BfK63PmaH/mYpHNfVjCIIuDwnMM.q2ZyjzUAjZTXPmAEiXPoqsXdy,2026-01-01
K6--00205,en_US,,k6test205@k6-loadtest.local,Mr,LoadTest,User205,K6 Load Test Company 005,Male,,$2y$10$BfK63PmaH/mYpHNfVjCIIuDwnMM.q2ZyjzUAjZTXPmAEiXPoqsXdy,2026-01-01
K6--00206,en_US,,k6test206@k6-loadtest.local,Mr,LoadTest,User206,K6 Load Test Company 006,Male,,$2y$10$BfK63PmaH/mYpHNfVjCIIuDwnMM.q2ZyjzUAjZTXPmAEiXPoqsXdy,2026-01-01
K6--00207,en_US,,k6test207@k6-loadtest.local,Mr,LoadTest,User207,K6 Load Test Company 007,Male,,$2y$10$BfK63PmaH/mYpHNfVjCIIuDwnMM.q2ZyjzUAjZTXPmAEiXPoqsXdy,2026-01-01
K6--00208,en_US,,k6test208@k6-loadtest.local,Mr,LoadTest,User208,K6 Load Test Company 008,Male,,$2y$10$BfK63PmaH/mYpHNfVjCIIuDwnMM.q2ZyjzUAjZTXPmAEiXPoqsXdy,2026-01-01
K6--00209,en_US,,k6test209@k6-loadtest.local,Mr,LoadTest,User209,K6 Load Test Company 009,Male,,$2y$10$BfK63PmaH/mYpHNfVjCIIuDwnMM.q2ZyjzUAjZTXPmAEiXPoqsXdy,2026-01-01
K6--00210,en_US,,k6test210@k6-loadtest.local,Mr,LoadTest,User210,K6 Load Test Company 010,Male,,$2y$10$BfK63PmaH/mYpHNfVjCIIuDwnMM.q2ZyjzUAjZTXPmAEiXPoqsXdy,2026-01-01
K6--00211,en_US,,k6test211@k6-loadtest.local,Mr,LoadTest,User211,K6 Load Test Company 011,Male,,$2y$10$BfK63PmaH/mYpHNfVjCIIuDwnMM.q2ZyjzUAjZTXPmAEiXPoqsXdy,2026-01-01
K6--00212,en_US,,k6test212@k6-loadtest.local,Mr,LoadTest,User212,K6 Load Test Company 012,Male,,$2y$10$BfK63PmaH/mYpHNfVjCIIuDwnMM.q2ZyjzUAjZTXPmAEiXPoqsXdy,2026-01-01
K6--00213,en_US,,k6test213@k6-loadtest.local,Mr,LoadTest,User213,K6 Load Test Company 013,Male,,$2y$10$BfK63PmaH/mYpHNfVjCIIuDwnMM.q2ZyjzUAjZTXPmAEiXPoqsXdy,2026-01-01
K6--00214,en_US,,k6test214@k6-loadtest.local,Mr,LoadTest,User214,K6 Load Test Company 014,Male,,$2y$10$BfK63PmaH/mYpHNfVjCIIuDwnMM.q2ZyjzUAjZTXPmAEiXPoqsXdy,2026-01-01
K6--00215,en_US,,k6test215@k6-loadtest.local,Mr,LoadTest,User215,K6 Load Test Company 015,Male,,$2y$10$BfK63PmaH/mYpHNfVjCIIuDwnMM.q2ZyjzUAjZTXPmAEiXPoqsXdy,2026-01-01
K6--00216,en_US,,k6test216@k6-loadtest.local,Mr,LoadTest,User216,K6 Load Test Company 016,Male,,$2y$10$BfK63PmaH/mYpHNfVjCIIuDwnMM.q2ZyjzUAjZTXPmAEiXPoqsXdy,2026-01-01
K6--00217,en_US,,k6test217@k6-loadtest.local,Mr,LoadTest,User217,K6 Load Test Company 017,Male,,$2y$10$BfK63PmaH/mYpHNfVjCIIuDwnMM.q2ZyjzUAjZTXPmAEiXPoqsXdy,2026-01-01
K6--00218,en_US,,k6test218@k6-loadtest.local,Mr,LoadTest,User218,K6 Load Test Company 018,Male,,$2y$10$BfK63PmaH/mYpHNfVjCIIuDwnMM.q2ZyjzUAjZTXPmAEiXPoqsXdy,2026-01-01
K6--00219,en_US,,k6test219@k6-loadtest.local,Mr,LoadTest,User219,K6 Load Test Company 019,Male,,$2y$10$BfK63PmaH/mYpHNfVjCIIuDwnMM.q2ZyjzUAjZTXPmAEiXPoqsXdy,2026-01-01
K6--00220,en_US,,k6test220@k6-loadtest.local,Mr,LoadTest,User220,K6 Load Test Company 020,Male,,$2y$10$BfK63PmaH/mYpHNfVjCIIuDwnMM.q2ZyjzUAjZTXPmAEiXPoqsXdy,2026-01-01
K6--00221,en_US,,k6test221@k6-loadtest.local,Mr,LoadTest,User221,K6 Load Test Company 021,Male,,$2y$10$BfK63PmaH/mYpHNfVjCIIuDwnMM.q2ZyjzUAjZTXPmAEiXPoqsXdy,2026-01-01
K6--00222,en_US,,k6test222@k6-loadtest.local,Mr,LoadTest,User222,K6 Load Test Company 022,Male,,$2y$10$BfK63PmaH/mYpHNfVjCIIuDwnMM.q2ZyjzUAjZTXPmAEiXPoqsXdy,2026-01-01
K6--00223,en_US,,k6test223@k6-loadtest.local,Mr,LoadTest,User223,K6 Load Test Company 023,Male,,$2y$10$BfK63PmaH/mYpHNfVjCIIuDwnMM.q2ZyjzUAjZTXPmAEiXPoqsXdy,2026-01-01
K6--00224,en_US,,k6test224@k6-loadtest.local,Mr,LoadTest,User224,K6 Load Test Company 024,Male,,$2y$10$BfK63PmaH/mYpHNfVjCIIuDwnMM.q2ZyjzUAjZTXPmAEiXPoqsXdy,2026-01-01
K6--00225,en_US,,k6test225@k6-loadtest.local,Mr,LoadTest,User225,K6 Load Test Company 025,Male,,$2y$10$BfK63PmaH/mYpHNfVjCIIuDwnMM.q2ZyjzUAjZTXPmAEiXPoqsXdy,2026-01-01
K6--00226,en_US,,k6test226@k6-loadtest.local,Mr,LoadTest,User226,K6 Load Test Company 026,Male,,$2y$10$BfK63PmaH/mYpHNfVjCIIuDwnMM.q2ZyjzUAjZTXPmAEiXPoqsXdy,2026-01-01
K6--00227,en_US,,k6test227@k6-loadtest.local,Mr,LoadTest,User227,K6 Load Test Company 027,Male,,$2y$10$BfK63PmaH/mYpHNfVjCIIuDwnMM.q2ZyjzUAjZTXPmAEiXPoqsXdy,2026-01-01
K6--00228,en_US,,k6test228@k6-loadtest.local,Mr,LoadTest,User228,K6 Load Test Company 028,Male,,$2y$10$BfK63PmaH/mYpHNfVjCIIuDwnMM.q2ZyjzUAjZTXPmAEiXPoqsXdy,2026-01-01
K6--00229,en_US,,k6test229@k6-loadtest.local,Mr,LoadTest,User229,K6 Load Test Company 029,Male,,$2y$10$BfK63PmaH/mYpHNfVjCIIuDwnMM.q2ZyjzUAjZTXPmAEiXPoqsXdy,2026-01-01
K6--00230,en_US,,k6test230@k6-loadtest.local,Mr,LoadTest,User230,K6 Load Test Company 030,Male,,$2y$10$BfK63PmaH/mYpHNfVjCIIuDwnMM.q2ZyjzUAjZTXPmAEiXPoqsXdy,2026-01-01
K6--00231,en_US,,k6test231@k6-loadtest.local,Mr,LoadTest,User231,K6 Load Test Company 031,Male,,$2y$10$BfK63PmaH/mYpHNfVjCIIuDwnMM.q2ZyjzUAjZTXPmAEiXPoqsXdy,2026-01-01
K6--00232,en_US,,k6test232@k6-loadtest.local,Mr,LoadTest,User232,K6 Load Test Company 032,Male,,$2y$10$BfK63PmaH/mYpHNfVjCIIuDwnMM.q2ZyjzUAjZTXPmAEiXPoqsXdy,2026-01-01
K6--00233,en_US,,k6test233@k6-loadtest.local,Mr,LoadTest,User233,K6 Load Test Company 033,Male,,$2y$10$BfK63PmaH/mYpHNfVjCIIuDwnMM.q2ZyjzUAjZTXPmAEiXPoqsXdy,2026-01-01
K6--00234,en_US,,k6test234@k6-loadtest.local,Mr,LoadTest,User234,K6 Load Test Company 034,Male,,$2y$10$BfK63PmaH/mYpHNfVjCIIuDwnMM.q2ZyjzUAjZTXPmAEiXPoqsXdy,2026-01-01
K6--00235,en_US,,k6test235@k6-loadtest.local,Mr,LoadTest,User235,K6 Load Test Company 035,Male,,$2y$10$BfK63PmaH/mYpHNfVjCIIuDwnMM.q2ZyjzUAjZTXPmAEiXPoqsXdy,2026-01-01
K6--00236,en_US,,k6test236@k6-loadtest.local,Mr,LoadTest,User236,K6 Load Test Company 036,Male,,$2y$10$BfK63PmaH/mYpHNfVjCIIuDwnMM.q2ZyjzUAjZTXPmAEiXPoqsXdy,2026-01-01
K6--00237,en_US,,k6test237@k6-loadtest.local,Mr,LoadTest,User237,K6 Load Test Company 037,Male,,$2y$10$BfK63PmaH/mYpHNfVjCIIuDwnMM.q2ZyjzUAjZTXPmAEiXPoqsXdy,2026-01-01
K6--00238,en_US,,k6test238@k6-loadtest.local,Mr,LoadTest,User238,K6 Load Test Company 038,Male,,$2y$10$BfK63PmaH/mYpHNfVjCIIuDwnMM.q2ZyjzUAjZTXPmAEiXPoqsXdy,2026-01-01
K6--00239,en_US,,k6test239@k6-loadtest.local,Mr,LoadTest,User239,K6 Load Test Company 039,Male,,$2y$10$BfK63PmaH/mYpHNfVjCIIuDwnMM.q2ZyjzUAjZTXPmAEiXPoqsXdy,2026-01-01
K6--00240,en_US,,k6test240@k6-loadtest.local,Mr,LoadTest,User240,K6 Load Test Company 040,Male,,$2y$10$BfK63PmaH/mYpHNfVjCIIuDwnMM.q2ZyjzUAjZTXPmAEiXPoqsXdy,2026-01-01
K6--00241,en_US,,k6test241@k6-loadtest.local,Mr,LoadTest,User241,K6 Load Test Company 041,Male,,$2y$10$BfK63PmaH/mYpHNfVjCIIuDwnMM.q2ZyjzUAjZTXPmAEiXPoqsXdy,2026-01-01
K6--00242,en_US,,k6test242@k6-loadtest.local,Mr,LoadTest,User242,K6 Load Test Company 042,Male,,$2y$10$BfK63PmaH/mYpHNfVjCIIuDwnMM.q2ZyjzUAjZTXPmAEiXPoqsXdy,2026-01-01
K6--00243,en_US,,k6test243@k6-loadtest.local,Mr,LoadTest,User243,K6 Load Test Company 043,Male,,$2y$10$BfK63PmaH/mYpHNfVjCIIuDwnMM.q2ZyjzUAjZTXPmAEiXPoqsXdy,2026-01-01
K6--00244,en_US,,k6test244@k6-loadtest.local,Mr,LoadTest,User244,K6 Load Test Company 044,Male,,$2y$10$BfK63PmaH/mYpHNfVjCIIuDwnMM.q2ZyjzUAjZTXPmAEiXPoqsXdy,2026-01-01
K6--00245,en_US,,k6test245@k6-loadtest.local,Mr,LoadTest,User245,K6 Load Test Company 045,Male,,$2y$10$BfK63PmaH/mYpHNfVjCIIuDwnMM.q2ZyjzUAjZTXPmAEiXPoqsXdy,2026-01-01
K6--00246,en_US,,k6test246@k6-loadtest.local,Mr,LoadTest,User246,K6 Load Test Company 046,Male,,$2y$10$BfK63PmaH/mYpHNfVjCIIuDwnMM.q2ZyjzUAjZTXPmAEiXPoqsXdy,2026-01-01
K6--00247,en_US,,k6test247@k6-loadtest.local,Mr,LoadTest,User247,K6 Load Test Company 047,Male,,$2y$10$BfK63PmaH/mYpHNfVjCIIuDwnMM.q2ZyjzUAjZTXPmAEiXPoqsXdy,2026-01-01
K6--00248,en_US,,k6test248@k6-loadtest.local,Mr,LoadTest,User248,K6 Load Test Company 048,Male,,$2y$10$BfK63PmaH/mYpHNfVjCIIuDwnMM.q2ZyjzUAjZTXPmAEiXPoqsXdy,2026-01-01
K6--00249,en_US,,k6test249@k6-loadtest.local,Mr,LoadTest,User249,K6 Load Test Company 049,Male,,$2y$10$BfK63PmaH/mYpHNfVjCIIuDwnMM.q2ZyjzUAjZTXPmAEiXPoqsXdy,2026-01-01
K6--00250,en_US,,k6test250@k6-loadtest.local,Mr,LoadTest,User250,K6 Load Test Company 050,Male,,$2y$10$BfK63PmaH/mYpHNfVjCIIuDwnMM.q2ZyjzUAjZTXPmAEiXPoqsXdy,2026-01-01
K6--00251,en_US,,k6test251@k6-loadtest.local,Mr,LoadTest,User251,K6 Load Test Company 001,Male,,$2y$10$BfK63PmaH/mYpHNfVjCIIuDwnMM.q2ZyjzUAjZTXPmAEiXPoqsXdy,2026-01-01
K6--00252,en_US,,k6test252@k6-loadtest.local,Mr,LoadTest,User252,K6 Load Test Company 002,Male,,$2y$10$BfK63PmaH/mYpHNfVjCIIuDwnMM.q2ZyjzUAjZTXPmAEiXPoqsXdy,2026-01-01
K6--00253,en_US,,k6test253@k6-loadtest.local,Mr,LoadTest,User253,K6 Load Test Company 003,Male,,$2y$10$BfK63PmaH/mYpHNfVjCIIuDwnMM.q2ZyjzUAjZTXPmAEiXPoqsXdy,2026-01-01
K6--00254,en_US,,k6test254@k6-loadtest.local,Mr,LoadTest,User254,K6 Load Test Company 004,Male,,$2y$10$BfK63PmaH/mYpHNfVjCIIuDwnMM.q2ZyjzUAjZTXPmAEiXPoqsXdy,2026-01-01
K6--00255,en_US,,k6test255@k6-loadtest.local,Mr,LoadTest,User255,K6 Load Test Company 005,Male,,$2y$10$BfK63PmaH/mYpHNfVjCIIuDwnMM.q2ZyjzUAjZTXPmAEiXPoqsXdy,2026-01-01
K6--00256,en_US,,k6test256@k6-loadtest.local,Mr,LoadTest,User256,K6 Load Test Company 006,Male,,$2y$10$BfK63PmaH/mYpHNfVjCIIuDwnMM.q2ZyjzUAjZTXPmAEiXPoqsXdy,2026-01-01
K6--00257,en_US,,k6test257@k6-loadtest.local,Mr,LoadTest,User257,K6 Load Test Company 007,Male,,$2y$10$BfK63PmaH/mYpHNfVjCIIuDwnMM.q2ZyjzUAjZTXPmAEiXPoqsXdy,2026-01-01
K6--00258,en_US,,k6test258@k6-loadtest.local,Mr,LoadTest,User258,K6 Load Test Company 008,Male,,$2y$10$BfK63PmaH/mYpHNfVjCIIuDwnMM.q2ZyjzUAjZTXPmAEiXPoqsXdy,2026-01-01
K6--00259,en_US,,k6test259@k6-loadtest.local,Mr,LoadTest,User259,K6 Load Test Company 009,Male,,$2y$10$BfK63PmaH/mYpHNfVjCIIuDwnMM.q2ZyjzUAjZTXPmAEiXPoqsXdy,2026-01-01
K6--00260,en_US,,k6test260@k6-loadtest.local,Mr,LoadTest,User260,K6 Load Test Company 010,Male,,$2y$10$BfK63PmaH/mYpHNfVjCIIuDwnMM.q2ZyjzUAjZTXPmAEiXPoqsXdy,2026-01-01
K6--00261,en_US,,k6test261@k6-loadtest.local,Mr,LoadTest,User261,K6 Load Test Company 011,Male,,$2y$10$BfK63PmaH/mYpHNfVjCIIuDwnMM.q2ZyjzUAjZTXPmAEiXPoqsXdy,2026-01-01
K6--00262,en_US,,k6test262@k6-loadtest.local,Mr,LoadTest,User262,K6 Load Test Company 012,Male,,$2y$10$BfK63PmaH/mYpHNfVjCIIuDwnMM.q2ZyjzUAjZTXPmAEiXPoqsXdy,2026-01-01
K6--00263,en_US,,k6test263@k6-loadtest.local,Mr,LoadTest,User263,K6 Load Test Company 013,Male,,$2y$10$BfK63PmaH/mYpHNfVjCIIuDwnMM.q2ZyjzUAjZTXPmAEiXPoqsXdy,2026-01-01
K6--00264,en_US,,k6test264@k6-loadtest.local,Mr,LoadTest,User264,K6 Load Test Company 014,Male,,$2y$10$BfK63PmaH/mYpHNfVjCIIuDwnMM.q2ZyjzUAjZTXPmAEiXPoqsXdy,2026-01-01
K6--00265,en_US,,k6test265@k6-loadtest.local,Mr,LoadTest,User265,K6 Load Test Company 015,Male,,$2y$10$BfK63PmaH/mYpHNfVjCIIuDwnMM.q2ZyjzUAjZTXPmAEiXPoqsXdy,2026-01-01
K6--00266,en_US,,k6test266@k6-loadtest.local,Mr,LoadTest,User266,K6 Load Test Company 016,Male,,$2y$10$BfK63PmaH/mYpHNfVjCIIuDwnMM.q2ZyjzUAjZTXPmAEiXPoqsXdy,2026-01-01
K6--00267,en_US,,k6test267@k6-loadtest.local,Mr,LoadTest,User267,K6 Load Test Company 017,Male,,$2y$10$BfK63PmaH/mYpHNfVjCIIuDwnMM.q2ZyjzUAjZTXPmAEiXPoqsXdy,2026-01-01
K6--00268,en_US,,k6test268@k6-loadtest.local,Mr,LoadTest,User268,K6 Load Test Company 018,Male,,$2y$10$BfK63PmaH/mYpHNfVjCIIuDwnMM.q2ZyjzUAjZTXPmAEiXPoqsXdy,2026-01-01
K6--00269,en_US,,k6test269@k6-loadtest.local,Mr,LoadTest,User269,K6 Load Test Company 019,Male,,$2y$10$BfK63PmaH/mYpHNfVjCIIuDwnMM.q2ZyjzUAjZTXPmAEiXPoqsXdy,2026-01-01
K6--00270,en_US,,k6test270@k6-loadtest.local,Mr,LoadTest,User270,K6 Load Test Company 020,Male,,$2y$10$BfK63PmaH/mYpHNfVjCIIuDwnMM.q2ZyjzUAjZTXPmAEiXPoqsXdy,2026-01-01
K6--00271,en_US,,k6test271@k6-loadtest.local,Mr,LoadTest,User271,K6 Load Test Company 021,Male,,$2y$10$BfK63PmaH/mYpHNfVjCIIuDwnMM.q2ZyjzUAjZTXPmAEiXPoqsXdy,2026-01-01
K6--00272,en_US,,k6test272@k6-loadtest.local,Mr,LoadTest,User272,K6 Load Test Company 022,Male,,$2y$10$BfK63PmaH/mYpHNfVjCIIuDwnMM.q2ZyjzUAjZTXPmAEiXPoqsXdy,2026-01-01
K6--00273,en_US,,k6test273@k6-loadtest.local,Mr,LoadTest,User273,K6 Load Test Company 023,Male,,$2y$10$BfK63PmaH/mYpHNfVjCIIuDwnMM.q2ZyjzUAjZTXPmAEiXPoqsXdy,2026-01-01
K6--00274,en_US,,k6test274@k6-loadtest.local,Mr,LoadTest,User274,K6 Load Test Company 024,Male,,$2y$10$BfK63PmaH/mYpHNfVjCIIuDwnMM.q2ZyjzUAjZTXPmAEiXPoqsXdy,2026-01-01
K6--00275,en_US,,k6test275@k6-loadtest.local,Mr,LoadTest,User275,K6 Load Test Company 025,Male,,$2y$10$BfK63PmaH/mYpHNfVjCIIuDwnMM.q2ZyjzUAjZTXPmAEiXPoqsXdy,2026-01-01
K6--00276,en_US,,k6test276@k6-loadtest.local,Mr,LoadTest,User276,K6 Load Test Company 026,Male,,$2y$10$BfK63PmaH/mYpHNfVjCIIuDwnMM.q2ZyjzUAjZTXPmAEiXPoqsXdy,2026-01-01
K6--00277,en_US,,k6test277@k6-loadtest.local,Mr,LoadTest,User277,K6 Load Test Company 027,Male,,$2y$10$BfK63PmaH/mYpHNfVjCIIuDwnMM.q2ZyjzUAjZTXPmAEiXPoqsXdy,2026-01-01
K6--00278,en_US,,k6test278@k6-loadtest.local,Mr,LoadTest,User278,K6 Load Test Company 028,Male,,$2y$10$BfK63PmaH/mYpHNfVjCIIuDwnMM.q2ZyjzUAjZTXPmAEiXPoqsXdy,2026-01-01
K6--00279,en_US,,k6test279@k6-loadtest.local,Mr,LoadTest,User279,K6 Load Test Company 029,Male,,$2y$10$BfK63PmaH/mYpHNfVjCIIuDwnMM.q2ZyjzUAjZTXPmAEiXPoqsXdy,2026-01-01
K6--00280,en_US,,k6test280@k6-loadtest.local,Mr,LoadTest,User280,K6 Load Test Company 030,Male,,$2y$10$BfK63PmaH/mYpHNfVjCIIuDwnMM.q2ZyjzUAjZTXPmAEiXPoqsXdy,2026-01-01
K6--00281,en_US,,k6test281@k6-loadtest.local,Mr,LoadTest,User281,K6 Load Test Company 031,Male,,$2y$10$BfK63PmaH/mYpHNfVjCIIuDwnMM.q2ZyjzUAjZTXPmAEiXPoqsXdy,2026-01-01
K6--00282,en_US,,k6test282@k6-loadtest.local,Mr,LoadTest,User282,K6 Load Test Company 032,Male,,$2y$10$BfK63PmaH/mYpHNfVjCIIuDwnMM.q2ZyjzUAjZTXPmAEiXPoqsXdy,2026-01-01
K6--00283,en_US,,k6test283@k6-loadtest.local,Mr,LoadTest,User283,K6 Load Test Company 033,Male,,$2y$10$BfK63PmaH/mYpHNfVjCIIuDwnMM.q2ZyjzUAjZTXPmAEiXPoqsXdy,2026-01-01
K6--00284,en_US,,k6test284@k6-loadtest.local,Mr,LoadTest,User284,K6 Load Test Company 034,Male,,$2y$10$BfK63PmaH/mYpHNfVjCIIuDwnMM.q2ZyjzUAjZTXPmAEiXPoqsXdy,2026-01-01
K6--00285,en_US,,k6test285@k6-loadtest.local,Mr,LoadTest,User285,K6 Load Test Company 035,Male,,$2y$10$BfK63PmaH/mYpHNfVjCIIuDwnMM.q2ZyjzUAjZTXPmAEiXPoqsXdy,2026-01-01
K6--00286,en_US,,k6test286@k6-loadtest.local,Mr,LoadTest,User286,K6 Load Test Company 036,Male,,$2y$10$BfK63PmaH/mYpHNfVjCIIuDwnMM.q2ZyjzUAjZTXPmAEiXPoqsXdy,2026-01-01
K6--00287,en_US,,k6test287@k6-loadtest.local,Mr,LoadTest,User287,K6 Load Test Company 037,Male,,$2y$10$BfK63PmaH/mYpHNfVjCIIuDwnMM.q2ZyjzUAjZTXPmAEiXPoqsXdy,2026-01-01
K6--00288,en_US,,k6test288@k6-loadtest.local,Mr,LoadTest,User288,K6 Load Test Company 038,Male,,$2y$10$BfK63PmaH/mYpHNfVjCIIuDwnMM.q2ZyjzUAjZTXPmAEiXPoqsXdy,2026-01-01
K6--00289,en_US,,k6test289@k6-loadtest.local,Mr,LoadTest,User289,K6 Load Test Company 039,Male,,$2y$10$BfK63PmaH/mYpHNfVjCIIuDwnMM.q2ZyjzUAjZTXPmAEiXPoqsXdy,2026-01-01
K6--00290,en_US,,k6test290@k6-loadtest.local,Mr,LoadTest,User290,K6 Load Test Company 040,Male,,$2y$10$BfK63PmaH/mYpHNfVjCIIuDwnMM.q2ZyjzUAjZTXPmAEiXPoqsXdy,2026-01-01
K6--00291,en_US,,k6test291@k6-loadtest.local,Mr,LoadTest,User291,K6 Load Test Company 041,Male,,$2y$10$BfK63PmaH/mYpHNfVjCIIuDwnMM.q2ZyjzUAjZTXPmAEiXPoqsXdy,2026-01-01
K6--00292,en_US,,k6test292@k6-loadtest.local,Mr,LoadTest,User292,K6 Load Test Company 042,Male,,$2y$10$BfK63PmaH/mYpHNfVjCIIuDwnMM.q2ZyjzUAjZTXPmAEiXPoqsXdy,2026-01-01
K6--00293,en_US,,k6test293@k6-loadtest.local,Mr,LoadTest,User293,K6 Load Test Company 043,Male,,$2y$10$BfK63PmaH/mYpHNfVjCIIuDwnMM.q2ZyjzUAjZTXPmAEiXPoqsXdy,2026-01-01
K6--00294,en_US,,k6test294@k6-loadtest.local,Mr,LoadTest,User294,K6 Load Test Company 044,Male,,$2y$10$BfK63PmaH/mYpHNfVjCIIuDwnMM.q2ZyjzUAjZTXPmAEiXPoqsXdy,2026-01-01
K6--00295,en_US,,k6test295@k6-loadtest.local,Mr,LoadTest,User295,K6 Load Test Company 045,Male,,$2y$10$BfK63PmaH/mYpHNfVjCIIuDwnMM.q2ZyjzUAjZTXPmAEiXPoqsXdy,2026-01-01
K6--00296,en_US,,k6test296@k6-loadtest.local,Mr,LoadTest,User296,K6 Load Test Company 046,Male,,$2y$10$BfK63PmaH/mYpHNfVjCIIuDwnMM.q2ZyjzUAjZTXPmAEiXPoqsXdy,2026-01-01
K6--00297,en_US,,k6test297@k6-loadtest.local,Mr,LoadTest,User297,K6 Load Test Company 047,Male,,$2y$10$BfK63PmaH/mYpHNfVjCIIuDwnMM.q2ZyjzUAjZTXPmAEiXPoqsXdy,2026-01-01
K6--00298,en_US,,k6test298@k6-loadtest.local,Mr,LoadTest,User298,K6 Load Test Company 048,Male,,$2y$10$BfK63PmaH/mYpHNfVjCIIuDwnMM.q2ZyjzUAjZTXPmAEiXPoqsXdy,2026-01-01
K6--00299,en_US,,k6test299@k6-loadtest.local,Mr,LoadTest,User299,K6 Load Test Company 049,Male,,$2y$10$BfK63PmaH/mYpHNfVjCIIuDwnMM.q2ZyjzUAjZTXPmAEiXPoqsXdy,2026-01-01
K6--00300,en_US,,k6test300@k6-loadtest.local,Mr,LoadTest,User300,K6 Load Test Company 050,Male,,$2y$10$BfK63PmaH/mYpHNfVjCIIuDwnMM.q2ZyjzUAjZTXPmAEiXPoqsXdy,2026-01-01
K6--00301,en_US,,k6test301@k6-loadtest.local,Mr,LoadTest,User301,K6 Load Test Company 001,Male,,$2y$10$BfK63PmaH/mYpHNfVjCIIuDwnMM.q2ZyjzUAjZTXPmAEiXPoqsXdy,2026-01-01
K6--00302,en_US,,k6test302@k6-loadtest.local,Mr,LoadTest,User302,K6 Load Test Company 002,Male,,$2y$10$BfK63PmaH/mYpHNfVjCIIuDwnMM.q2ZyjzUAjZTXPmAEiXPoqsXdy,2026-01-01
K6--00303,en_US,,k6test303@k6-loadtest.local,Mr,LoadTest,User303,K6 Load Test Company 003,Male,,$2y$10$BfK63PmaH/mYpHNfVjCIIuDwnMM.q2ZyjzUAjZTXPmAEiXPoqsXdy,2026-01-01
K6--00304,en_US,,k6test304@k6-loadtest.local,Mr,LoadTest,User304,K6 Load Test Company 004,Male,,$2y$10$BfK63PmaH/mYpHNfVjCIIuDwnMM.q2ZyjzUAjZTXPmAEiXPoqsXdy,2026-01-01
K6--00305,en_US,,k6test305@k6-loadtest.local,Mr,LoadTest,User305,K6 Load Test Company 005,Male,,$2y$10$BfK63PmaH/mYpHNfVjCIIuDwnMM.q2ZyjzUAjZTXPmAEiXPoqsXdy,2026-01-01
K6--00306,en_US,,k6test306@k6-loadtest.local,Mr,LoadTest,User306,K6 Load Test Company 006,Male,,$2y$10$BfK63PmaH/mYpHNfVjCIIuDwnMM.q2ZyjzUAjZTXPmAEiXPoqsXdy,2026-01-01
K6--00307,en_US,,k6test307@k6-loadtest.local,Mr,LoadTest,User307,K6 Load Test Company 007,Male,,$2y$10$BfK63PmaH/mYpHNfVjCIIuDwnMM.q2ZyjzUAjZTXPmAEiXPoqsXdy,2026-01-01
K6--00308,en_US,,k6test308@k6-loadtest.local,Mr,LoadTest,User308,K6 Load Test Company 008,Male,,$2y$10$BfK63PmaH/mYpHNfVjCIIuDwnMM.q2ZyjzUAjZTXPmAEiXPoqsXdy,2026-01-01
K6--00309,en_US,,k6test309@k6-loadtest.local,Mr,LoadTest,User309,K6 Load Test Company 009,Male,,$2y$10$BfK63PmaH/mYpHNfVjCIIuDwnMM.q2ZyjzUAjZTXPmAEiXPoqsXdy,2026-01-01
K6--00310,en_US,,k6test310@k6-loadtest.local,Mr,LoadTest,User310,K6 Load Test Company 010,Male,,$2y$10$BfK63PmaH/mYpHNfVjCIIuDwnMM.q2ZyjzUAjZTXPmAEiXPoqsXdy,2026-01-01
K6--00311,en_US,,k6test311@k6-loadtest.local,Mr,LoadTest,User311,K6 Load Test Company 011,Male,,$2y$10$BfK63PmaH/mYpHNfVjCIIuDwnMM.q2ZyjzUAjZTXPmAEiXPoqsXdy,2026-01-01
K6--00312,en_US,,k6test312@k6-loadtest.local,Mr,LoadTest,User312,K6 Load Test Company 012,Male,,$2y$10$BfK63PmaH/mYpHNfVjCIIuDwnMM.q2ZyjzUAjZTXPmAEiXPoqsXdy,2026-01-01
K6--00313,en_US,,k6test313@k6-loadtest.local,Mr,LoadTest,User313,K6 Load Test Company 013,Male,,$2y$10$BfK63PmaH/mYpHNfVjCIIuDwnMM.q2ZyjzUAjZTXPmAEiXPoqsXdy,2026-01-01
K6--00314,en_US,,k6test314@k6-loadtest.local,Mr,LoadTest,User314,K6 Load Test Company 014,Male,,$2y$10$BfK63PmaH/mYpHNfVjCIIuDwnMM.q2ZyjzUAjZTXPmAEiXPoqsXdy,2026-01-01
K6--00315,en_US,,k6test315@k6-loadtest.local,Mr,LoadTest,User315,K6 Load Test Company 015,Male,,$2y$10$BfK63PmaH/mYpHNfVjCIIuDwnMM.q2ZyjzUAjZTXPmAEiXPoqsXdy,2026-01-01
K6--00316,en_US,,k6test316@k6-loadtest.local,Mr,LoadTest,User316,K6 Load Test Company 016,Male,,$2y$10$BfK63PmaH/mYpHNfVjCIIuDwnMM.q2ZyjzUAjZTXPmAEiXPoqsXdy,2026-01-01
K6--00317,en_US,,k6test317@k6-loadtest.local,Mr,LoadTest,User317,K6 Load Test Company 017,Male,,$2y$10$BfK63PmaH/mYpHNfVjCIIuDwnMM.q2ZyjzUAjZTXPmAEiXPoqsXdy,2026-01-01
K6--00318,en_US,,k6test318@k6-loadtest.local,Mr,LoadTest,User318,K6 Load Test Company 018,Male,,$2y$10$BfK63PmaH/mYpHNfVjCIIuDwnMM.q2ZyjzUAjZTXPmAEiXPoqsXdy,2026-01-01
K6--00319,en_US,,k6test319@k6-loadtest.local,Mr,LoadTest,User319,K6 Load Test Company 019,Male,,$2y$10$BfK63PmaH/mYpHNfVjCIIuDwnMM.q2ZyjzUAjZTXPmAEiXPoqsXdy,2026-01-01
K6--00320,en_US,,k6test320@k6-loadtest.local,Mr,LoadTest,User320,K6 Load Test Company 020,Male,,$2y$10$BfK63PmaH/mYpHNfVjCIIuDwnMM.q2ZyjzUAjZTXPmAEiXPoqsXdy,2026-01-01
K6--00321,en_US,,k6test321@k6-loadtest.local,Mr,LoadTest,User321,K6 Load Test Company 021,Male,,$2y$10$BfK63PmaH/mYpHNfVjCIIuDwnMM.q2ZyjzUAjZTXPmAEiXPoqsXdy,2026-01-01
K6--00322,en_US,,k6test322@k6-loadtest.local,Mr,LoadTest,User322,K6 Load Test Company 022,Male,,$2y$10$BfK63PmaH/mYpHNfVjCIIuDwnMM.q2ZyjzUAjZTXPmAEiXPoqsXdy,2026-01-01
K6--00323,en_US,,k6test323@k6-loadtest.local,Mr,LoadTest,User323,K6 Load Test Company 023,Male,,$2y$10$BfK63PmaH/mYpHNfVjCIIuDwnMM.q2ZyjzUAjZTXPmAEiXPoqsXdy,2026-01-01
K6--00324,en_US,,k6test324@k6-loadtest.local,Mr,LoadTest,User324,K6 Load Test Company 024,Male,,$2y$10$BfK63PmaH/mYpHNfVjCIIuDwnMM.q2ZyjzUAjZTXPmAEiXPoqsXdy,2026-01-01
K6--00325,en_US,,k6test325@k6-loadtest.local,Mr,LoadTest,User325,K6 Load Test Company 025,Male,,$2y$10$BfK63PmaH/mYpHNfVjCIIuDwnMM.q2ZyjzUAjZTXPmAEiXPoqsXdy,2026-01-01
K6--00326,en_US,,k6test326@k6-loadtest.local,Mr,LoadTest,User326,K6 Load Test Company 026,Male,,$2y$10$BfK63PmaH/mYpHNfVjCIIuDwnMM.q2ZyjzUAjZTXPmAEiXPoqsXdy,2026-01-01
K6--00327,en_US,,k6test327@k6-loadtest.local,Mr,LoadTest,User327,K6 Load Test Company 027,Male,,$2y$10$BfK63PmaH/mYpHNfVjCIIuDwnMM.q2ZyjzUAjZTXPmAEiXPoqsXdy,2026-01-01
K6--00328,en_US,,k6test328@k6-loadtest.local,Mr,LoadTest,User328,K6 Load Test Company 028,Male,,$2y$10$BfK63PmaH/mYpHNfVjCIIuDwnMM.q2ZyjzUAjZTXPmAEiXPoqsXdy,2026-01-01
K6--00329,en_US,,k6test329@k6-loadtest.local,Mr,LoadTest,User329,K6 Load Test Company 029,Male,,$2y$10$BfK63PmaH/mYpHNfVjCIIuDwnMM.q2ZyjzUAjZTXPmAEiXPoqsXdy,2026-01-01
K6--00330,en_US,,k6test330@k6-loadtest.local,Mr,LoadTest,User330,K6 Load Test Company 030,Male,,$2y$10$BfK63PmaH/mYpHNfVjCIIuDwnMM.q2ZyjzUAjZTXPmAEiXPoqsXdy,2026-01-01
K6--00331,en_US,,k6test331@k6-loadtest.local,Mr,LoadTest,User331,K6 Load Test Company 031,Male,,$2y$10$BfK63PmaH/mYpHNfVjCIIuDwnMM.q2ZyjzUAjZTXPmAEiXPoqsXdy,2026-01-01
K6--00332,en_US,,k6test332@k6-loadtest.local,Mr,LoadTest,User332,K6 Load Test Company 032,Male,,$2y$10$BfK63PmaH/mYpHNfVjCIIuDwnMM.q2ZyjzUAjZTXPmAEiXPoqsXdy,2026-01-01
K6--00333,en_US,,k6test333@k6-loadtest.local,Mr,LoadTest,User333,K6 Load Test Company 033,Male,,$2y$10$BfK63PmaH/mYpHNfVjCIIuDwnMM.q2ZyjzUAjZTXPmAEiXPoqsXdy,2026-01-01
K6--00334,en_US,,k6test334@k6-loadtest.local,Mr,LoadTest,User334,K6 Load Test Company 034,Male,,$2y$10$BfK63PmaH/mYpHNfVjCIIuDwnMM.q2ZyjzUAjZTXPmAEiXPoqsXdy,2026-01-01
K6--00335,en_US,,k6test335@k6-loadtest.local,Mr,LoadTest,User335,K6 Load Test Company 035,Male,,$2y$10$BfK63PmaH/mYpHNfVjCIIuDwnMM.q2ZyjzUAjZTXPmAEiXPoqsXdy,2026-01-01
K6--00336,en_US,,k6test336@k6-loadtest.local,Mr,LoadTest,User336,K6 Load Test Company 036,Male,,$2y$10$BfK63PmaH/mYpHNfVjCIIuDwnMM.q2ZyjzUAjZTXPmAEiXPoqsXdy,2026-01-01
K6--00337,en_US,,k6test337@k6-loadtest.local,Mr,LoadTest,User337,K6 Load Test Company 037,Male,,$2y$10$BfK63PmaH/mYpHNfVjCIIuDwnMM.q2ZyjzUAjZTXPmAEiXPoqsXdy,2026-01-01
K6--00338,en_US,,k6test338@k6-loadtest.local,Mr,LoadTest,User338,K6 Load Test Company 038,Male,,$2y$10$BfK63PmaH/mYpHNfVjCIIuDwnMM.q2ZyjzUAjZTXPmAEiXPoqsXdy,2026-01-01
K6--00339,en_US,,k6test339@k6-loadtest.local,Mr,LoadTest,User339,K6 Load Test Company 039,Male,,$2y$10$BfK63PmaH/mYpHNfVjCIIuDwnMM.q2ZyjzUAjZTXPmAEiXPoqsXdy,2026-01-01
K6--00340,en_US,,k6test340@k6-loadtest.local,Mr,LoadTest,User340,K6 Load Test Company 040,Male,,$2y$10$BfK63PmaH/mYpHNfVjCIIuDwnMM.q2ZyjzUAjZTXPmAEiXPoqsXdy,2026-01-01
K6--00341,en_US,,k6test341@k6-loadtest.local,Mr,LoadTest,User341,K6 Load Test Company 041,Male,,$2y$10$BfK63PmaH/mYpHNfVjCIIuDwnMM.q2ZyjzUAjZTXPmAEiXPoqsXdy,2026-01-01
K6--00342,en_US,,k6test342@k6-loadtest.local,Mr,LoadTest,User342,K6 Load Test Company 042,Male,,$2y$10$BfK63PmaH/mYpHNfVjCIIuDwnMM.q2ZyjzUAjZTXPmAEiXPoqsXdy,2026-01-01
K6--00343,en_US,,k6test343@k6-loadtest.local,Mr,LoadTest,User343,K6 Load Test Company 043,Male,,$2y$10$BfK63PmaH/mYpHNfVjCIIuDwnMM.q2ZyjzUAjZTXPmAEiXPoqsXdy,2026-01-01
K6--00344,en_US,,k6test344@k6-loadtest.local,Mr,LoadTest,User344,K6 Load Test Company 044,Male,,$2y$10$BfK63PmaH/mYpHNfVjCIIuDwnMM.q2ZyjzUAjZTXPmAEiXPoqsXdy,2026-01-01
K6--00345,en_US,,k6test345@k6-loadtest.local,Mr,LoadTest,User345,K6 Load Test Company 045,Male,,$2y$10$BfK63PmaH/mYpHNfVjCIIuDwnMM.q2ZyjzUAjZTXPmAEiXPoqsXdy,2026-01-01
K6--00346,en_US,,k6test346@k6-loadtest.local,Mr,LoadTest,User346,K6 Load Test Company 046,Male,,$2y$10$BfK63PmaH/mYpHNfVjCIIuDwnMM.q2ZyjzUAjZTXPmAEiXPoqsXdy,2026-01-01
K6--00347,en_US,,k6test347@k6-loadtest.local,Mr,LoadTest,User347,K6 Load Test Company 047,Male,,$2y$10$BfK63PmaH/mYpHNfVjCIIuDwnMM.q2ZyjzUAjZTXPmAEiXPoqsXdy,2026-01-01
K6--00348,en_US,,k6test348@k6-loadtest.local,Mr,LoadTest,User348,K6 Load Test Company 048,Male,,$2y$10$BfK63PmaH/mYpHNfVjCIIuDwnMM.q2ZyjzUAjZTXPmAEiXPoqsXdy,2026-01-01
K6--00349,en_US,,k6test349@k6-loadtest.local,Mr,LoadTest,User349,K6 Load Test Company 049,Male,,$2y$10$BfK63PmaH/mYpHNfVjCIIuDwnMM.q2ZyjzUAjZTXPmAEiXPoqsXdy,2026-01-01
K6--00350,en_US,,k6test350@k6-loadtest.local,Mr,LoadTest,User350,K6 Load Test Company 050,Male,,$2y$10$BfK63PmaH/mYpHNfVjCIIuDwnMM.q2ZyjzUAjZTXPmAEiXPoqsXdy,2026-01-01
K6--00351,en_US,,k6test351@k6-loadtest.local,Mr,LoadTest,User351,K6 Load Test Company 001,Male,,$2y$10$BfK63PmaH/mYpHNfVjCIIuDwnMM.q2ZyjzUAjZTXPmAEiXPoqsXdy,2026-01-01
K6--00352,en_US,,k6test352@k6-loadtest.local,Mr,LoadTest,User352,K6 Load Test Company 002,Male,,$2y$10$BfK63PmaH/mYpHNfVjCIIuDwnMM.q2ZyjzUAjZTXPmAEiXPoqsXdy,2026-01-01
K6--00353,en_US,,k6test353@k6-loadtest.local,Mr,LoadTest,User353,K6 Load Test Company 003,Male,,$2y$10$BfK63PmaH/mYpHNfVjCIIuDwnMM.q2ZyjzUAjZTXPmAEiXPoqsXdy,2026-01-01
K6--00354,en_US,,k6test354@k6-loadtest.local,Mr,LoadTest,User354,K6 Load Test Company 004,Male,,$2y$10$BfK63PmaH/mYpHNfVjCIIuDwnMM.q2ZyjzUAjZTXPmAEiXPoqsXdy,2026-01-01
K6--00355,en_US,,k6test355@k6-loadtest.local,Mr,LoadTest,User355,K6 Load Test Company 005,Male,,$2y$10$BfK63PmaH/mYpHNfVjCIIuDwnMM.q2ZyjzUAjZTXPmAEiXPoqsXdy,2026-01-01
K6--00356,en_US,,k6test356@k6-loadtest.local,Mr,LoadTest,User356,K6 Load Test Company 006,Male,,$2y$10$BfK63PmaH/mYpHNfVjCIIuDwnMM.q2ZyjzUAjZTXPmAEiXPoqsXdy,2026-01-01
K6--00357,en_US,,k6test357@k6-loadtest.local,Mr,LoadTest,User357,K6 Load Test Company 007,Male,,$2y$10$BfK63PmaH/mYpHNfVjCIIuDwnMM.q2ZyjzUAjZTXPmAEiXPoqsXdy,2026-01-01
K6--00358,en_US,,k6test358@k6-loadtest.local,Mr,LoadTest,User358,K6 Load Test Company 008,Male,,$2y$10$BfK63PmaH/mYpHNfVjCIIuDwnMM.q2ZyjzUAjZTXPmAEiXPoqsXdy,2026-01-01
K6--00359,en_US,,k6test359@k6-loadtest.local,Mr,LoadTest,User359,K6 Load Test Company 009,Male,,$2y$10$BfK63PmaH/mYpHNfVjCIIuDwnMM.q2ZyjzUAjZTXPmAEiXPoqsXdy,2026-01-01
K6--00360,en_US,,k6test360@k6-loadtest.local,Mr,LoadTest,User360,K6 Load Test Company 010,Male,,$2y$10$BfK63PmaH/mYpHNfVjCIIuDwnMM.q2ZyjzUAjZTXPmAEiXPoqsXdy,2026-01-01
K6--00361,en_US,,k6test361@k6-loadtest.local,Mr,LoadTest,User361,K6 Load Test Company 011,Male,,$2y$10$BfK63PmaH/mYpHNfVjCIIuDwnMM.q2ZyjzUAjZTXPmAEiXPoqsXdy,2026-01-01
K6--00362,en_US,,k6test362@k6-loadtest.local,Mr,LoadTest,User362,K6 Load Test Company 012,Male,,$2y$10$BfK63PmaH/mYpHNfVjCIIuDwnMM.q2ZyjzUAjZTXPmAEiXPoqsXdy,2026-01-01
K6--00363,en_US,,k6test363@k6-loadtest.local,Mr,LoadTest,User363,K6 Load Test Company 013,Male,,$2y$10$BfK63PmaH/mYpHNfVjCIIuDwnMM.q2ZyjzUAjZTXPmAEiXPoqsXdy,2026-01-01
K6--00364,en_US,,k6test364@k6-loadtest.local,Mr,LoadTest,User364,K6 Load Test Company 014,Male,,$2y$10$BfK63PmaH/mYpHNfVjCIIuDwnMM.q2ZyjzUAjZTXPmAEiXPoqsXdy,2026-01-01
K6--00365,en_US,,k6test365@k6-loadtest.local,Mr,LoadTest,User365,K6 Load Test Company 015,Male,,$2y$10$BfK63PmaH/mYpHNfVjCIIuDwnMM.q2ZyjzUAjZTXPmAEiXPoqsXdy,2026-01-01
K6--00366,en_US,,k6test366@k6-loadtest.local,Mr,LoadTest,User366,K6 Load Test Company 016,Male,,$2y$10$BfK63PmaH/mYpHNfVjCIIuDwnMM.q2ZyjzUAjZTXPmAEiXPoqsXdy,2026-01-01
K6--00367,en_US,,k6test367@k6-loadtest.local,Mr,LoadTest,User367,K6 Load Test Company 017,Male,,$2y$10$BfK63PmaH/mYpHNfVjCIIuDwnMM.q2ZyjzUAjZTXPmAEiXPoqsXdy,2026-01-01
K6--00368,en_US,,k6test368@k6-loadtest.local,Mr,LoadTest,User368,K6 Load Test Company 018,Male,,$2y$10$BfK63PmaH/mYpHNfVjCIIuDwnMM.q2ZyjzUAjZTXPmAEiXPoqsXdy,2026-01-01
K6--00369,en_US,,k6test369@k6-loadtest.local,Mr,LoadTest,User369,K6 Load Test Company 019,Male,,$2y$10$BfK63PmaH/mYpHNfVjCIIuDwnMM.q2ZyjzUAjZTXPmAEiXPoqsXdy,2026-01-01
K6--00370,en_US,,k6test370@k6-loadtest.local,Mr,LoadTest,User370,K6 Load Test Company 020,Male,,$2y$10$BfK63PmaH/mYpHNfVjCIIuDwnMM.q2ZyjzUAjZTXPmAEiXPoqsXdy,2026-01-01
K6--00371,en_US,,k6test371@k6-loadtest.local,Mr,LoadTest,User371,K6 Load Test Company 021,Male,,$2y$10$BfK63PmaH/mYpHNfVjCIIuDwnMM.q2ZyjzUAjZTXPmAEiXPoqsXdy,2026-01-01
K6--00372,en_US,,k6test372@k6-loadtest.local,Mr,LoadTest,User372,K6 Load Test Company 022,Male,,$2y$10$BfK63PmaH/mYpHNfVjCIIuDwnMM.q2ZyjzUAjZTXPmAEiXPoqsXdy,2026-01-01
K6--00373,en_US,,k6test373@k6-loadtest.local,Mr,LoadTest,User373,K6 Load Test Company 023,Male,,$2y$10$BfK63PmaH/mYpHNfVjCIIuDwnMM.q2ZyjzUAjZTXPmAEiXPoqsXdy,2026-01-01
K6--00374,en_US,,k6test374@k6-loadtest.local,Mr,LoadTest,User374,K6 Load Test Company 024,Male,,$2y$10$BfK63PmaH/mYpHNfVjCIIuDwnMM.q2ZyjzUAjZTXPmAEiXPoqsXdy,2026-01-01
K6--00375,en_US,,k6test375@k6-loadtest.local,Mr,LoadTest,User375,K6 Load Test Company 025,Male,,$2y$10$BfK63PmaH/mYpHNfVjCIIuDwnMM.q2ZyjzUAjZTXPmAEiXPoqsXdy,2026-01-01
K6--00376,en_US,,k6test376@k6-loadtest.local,Mr,LoadTest,User376,K6 Load Test Company 026,Male,,$2y$10$BfK63PmaH/mYpHNfVjCIIuDwnMM.q2ZyjzUAjZTXPmAEiXPoqsXdy,2026-01-01
K6--00377,en_US,,k6test377@k6-loadtest.local,Mr,LoadTest,User377,K6 Load Test Company 027,Male,,$2y$10$BfK63PmaH/mYpHNfVjCIIuDwnMM.q2ZyjzUAjZTXPmAEiXPoqsXdy,2026-01-01
K6--00378,en_US,,k6test378@k6-loadtest.local,Mr,LoadTest,User378,K6 Load Test Company 028,Male,,$2y$10$BfK63PmaH/mYpHNfVjCIIuDwnMM.q2ZyjzUAjZTXPmAEiXPoqsXdy,2026-01-01
K6--00379,en_US,,k6test379@k6-loadtest.local,Mr,LoadTest,User379,K6 Load Test Company 029,Male,,$2y$10$BfK63PmaH/mYpHNfVjCIIuDwnMM.q2ZyjzUAjZTXPmAEiXPoqsXdy,2026-01-01
K6--00380,en_US,,k6test380@k6-loadtest.local,Mr,LoadTest,User380,K6 Load Test Company 030,Male,,$2y$10$BfK63PmaH/mYpHNfVjCIIuDwnMM.q2ZyjzUAjZTXPmAEiXPoqsXdy,2026-01-01
K6--00381,en_US,,k6test381@k6-loadtest.local,Mr,LoadTest,User381,K6 Load Test Company 031,Male,,$2y$10$BfK63PmaH/mYpHNfVjCIIuDwnMM.q2ZyjzUAjZTXPmAEiXPoqsXdy,2026-01-01
K6--00382,en_US,,k6test382@k6-loadtest.local,Mr,LoadTest,User382,K6 Load Test Company 032,Male,,$2y$10$BfK63PmaH/mYpHNfVjCIIuDwnMM.q2ZyjzUAjZTXPmAEiXPoqsXdy,2026-01-01
K6--00383,en_US,,k6test383@k6-loadtest.local,Mr,LoadTest,User383,K6 Load Test Company 033,Male,,$2y$10$BfK63PmaH/mYpHNfVjCIIuDwnMM.q2ZyjzUAjZTXPmAEiXPoqsXdy,2026-01-01
K6--00384,en_US,,k6test384@k6-loadtest.local,Mr,LoadTest,User384,K6 Load Test Company 034,Male,,$2y$10$BfK63PmaH/mYpHNfVjCIIuDwnMM.q2ZyjzUAjZTXPmAEiXPoqsXdy,2026-01-01
K6--00385,en_US,,k6test385@k6-loadtest.local,Mr,LoadTest,User385,K6 Load Test Company 035,Male,,$2y$10$BfK63PmaH/mYpHNfVjCIIuDwnMM.q2ZyjzUAjZTXPmAEiXPoqsXdy,2026-01-01
K6--00386,en_US,,k6test386@k6-loadtest.local,Mr,LoadTest,User386,K6 Load Test Company 036,Male,,$2y$10$BfK63PmaH/mYpHNfVjCIIuDwnMM.q2ZyjzUAjZTXPmAEiXPoqsXdy,2026-01-01
K6--00387,en_US,,k6test387@k6-loadtest.local,Mr,LoadTest,User387,K6 Load Test Company 037,Male,,$2y$10$BfK63PmaH/mYpHNfVjCIIuDwnMM.q2ZyjzUAjZTXPmAEiXPoqsXdy,2026-01-01
K6--00388,en_US,,k6test388@k6-loadtest.local,Mr,LoadTest,User388,K6 Load Test Company 038,Male,,$2y$10$BfK63PmaH/mYpHNfVjCIIuDwnMM.q2ZyjzUAjZTXPmAEiXPoqsXdy,2026-01-01
K6--00389,en_US,,k6test389@k6-loadtest.local,Mr,LoadTest,User389,K6 Load Test Company 039,Male,,$2y$10$BfK63PmaH/mYpHNfVjCIIuDwnMM.q2ZyjzUAjZTXPmAEiXPoqsXdy,2026-01-01
K6--00390,en_US,,k6test390@k6-loadtest.local,Mr,LoadTest,User390,K6 Load Test Company 040,Male,,$2y$10$BfK63PmaH/mYpHNfVjCIIuDwnMM.q2ZyjzUAjZTXPmAEiXPoqsXdy,2026-01-01
K6--00391,en_US,,k6test391@k6-loadtest.local,Mr,LoadTest,User391,K6 Load Test Company 041,Male,,$2y$10$BfK63PmaH/mYpHNfVjCIIuDwnMM.q2ZyjzUAjZTXPmAEiXPoqsXdy,2026-01-01
K6--00392,en_US,,k6test392@k6-loadtest.local,Mr,LoadTest,User392,K6 Load Test Company 042,Male,,$2y$10$BfK63PmaH/mYpHNfVjCIIuDwnMM.q2ZyjzUAjZTXPmAEiXPoqsXdy,2026-01-01
K6--00393,en_US,,k6test393@k6-loadtest.local,Mr,LoadTest,User393,K6 Load Test Company 043,Male,,$2y$10$BfK63PmaH/mYpHNfVjCIIuDwnMM.q2ZyjzUAjZTXPmAEiXPoqsXdy,2026-01-01
K6--00394,en_US,,k6test394@k6-loadtest.local,Mr,LoadTest,User394,K6 Load Test Company 044,Male,,$2y$10$BfK63PmaH/mYpHNfVjCIIuDwnMM.q2ZyjzUAjZTXPmAEiXPoqsXdy,2026-01-01
K6--00395,en_US,,k6test395@k6-loadtest.local,Mr,LoadTest,User395,K6 Load Test Company 045,Male,,$2y$10$BfK63PmaH/mYpHNfVjCIIuDwnMM.q2ZyjzUAjZTXPmAEiXPoqsXdy,2026-01-01
K6--00396,en_US,,k6test396@k6-loadtest.local,Mr,LoadTest,User396,K6 Load Test Company 046,Male,,$2y$10$BfK63PmaH/mYpHNfVjCIIuDwnMM.q2ZyjzUAjZTXPmAEiXPoqsXdy,2026-01-01
K6--00397,en_US,,k6test397@k6-loadtest.local,Mr,LoadTest,User397,K6 Load Test Company 047,Male,,$2y$10$BfK63PmaH/mYpHNfVjCIIuDwnMM.q2ZyjzUAjZTXPmAEiXPoqsXdy,2026-01-01
K6--00398,en_US,,k6test398@k6-loadtest.local,Mr,LoadTest,User398,K6 Load Test Company 048,Male,,$2y$10$BfK63PmaH/mYpHNfVjCIIuDwnMM.q2ZyjzUAjZTXPmAEiXPoqsXdy,2026-01-01
K6--00399,en_US,,k6test399@k6-loadtest.local,Mr,LoadTest,User399,K6 Load Test Company 049,Male,,$2y$10$BfK63PmaH/mYpHNfVjCIIuDwnMM.q2ZyjzUAjZTXPmAEiXPoqsXdy,2026-01-01
K6--00400,en_US,,k6test400@k6-loadtest.local,Mr,LoadTest,User400,K6 Load Test Company 050,Male,,$2y$10$BfK63PmaH/mYpHNfVjCIIuDwnMM.q2ZyjzUAjZTXPmAEiXPoqsXdy,2026-01-01
K6--00401,en_US,,k6test401@k6-loadtest.local,Mr,LoadTest,User401,K6 Load Test Company 001,Male,,$2y$10$BfK63PmaH/mYpHNfVjCIIuDwnMM.q2ZyjzUAjZTXPmAEiXPoqsXdy,2026-01-01
K6--00402,en_US,,k6test402@k6-loadtest.local,Mr,LoadTest,User402,K6 Load Test Company 002,Male,,$2y$10$BfK63PmaH/mYpHNfVjCIIuDwnMM.q2ZyjzUAjZTXPmAEiXPoqsXdy,2026-01-01
K6--00403,en_US,,k6test403@k6-loadtest.local,Mr,LoadTest,User403,K6 Load Test Company 003,Male,,$2y$10$BfK63PmaH/mYpHNfVjCIIuDwnMM.q2ZyjzUAjZTXPmAEiXPoqsXdy,2026-01-01
K6--00404,en_US,,k6test404@k6-loadtest.local,Mr,LoadTest,User404,K6 Load Test Company 004,Male,,$2y$10$BfK63PmaH/mYpHNfVjCIIuDwnMM.q2ZyjzUAjZTXPmAEiXPoqsXdy,2026-01-01
K6--00405,en_US,,k6test405@k6-loadtest.local,Mr,LoadTest,User405,K6 Load Test Company 005,Male,,$2y$10$BfK63PmaH/mYpHNfVjCIIuDwnMM.q2ZyjzUAjZTXPmAEiXPoqsXdy,2026-01-01
K6--00406,en_US,,k6test406@k6-loadtest.local,Mr,LoadTest,User406,K6 Load Test Company 006,Male,,$2y$10$BfK63PmaH/mYpHNfVjCIIuDwnMM.q2ZyjzUAjZTXPmAEiXPoqsXdy,2026-01-01
K6--00407,en_US,,k6test407@k6-loadtest.local,Mr,LoadTest,User407,K6 Load Test Company 007,Male,,$2y$10$BfK63PmaH/mYpHNfVjCIIuDwnMM.q2ZyjzUAjZTXPmAEiXPoqsXdy,2026-01-01
K6--00408,en_US,,k6test408@k6-loadtest.local,Mr,LoadTest,User408,K6 Load Test Company 008,Male,,$2y$10$BfK63PmaH/mYpHNfVjCIIuDwnMM.q2ZyjzUAjZTXPmAEiXPoqsXdy,2026-01-01
K6--00409,en_US,,k6test409@k6-loadtest.local,Mr,LoadTest,User409,K6 Load Test Company 009,Male,,$2y$10$BfK63PmaH/mYpHNfVjCIIuDwnMM.q2ZyjzUAjZTXPmAEiXPoqsXdy,2026-01-01
K6--00410,en_US,,k6test410@k6-loadtest.local,Mr,LoadTest,User410,K6 Load Test Company 010,Male,,$2y$10$BfK63PmaH/mYpHNfVjCIIuDwnMM.q2ZyjzUAjZTXPmAEiXPoqsXdy,2026-01-01
K6--00411,en_US,,k6test411@k6-loadtest.local,Mr,LoadTest,User411,K6 Load Test Company 011,Male,,$2y$10$BfK63PmaH/mYpHNfVjCIIuDwnMM.q2ZyjzUAjZTXPmAEiXPoqsXdy,2026-01-01
K6--00412,en_US,,k6test412@k6-loadtest.local,Mr,LoadTest,User412,K6 Load Test Company 012,Male,,$2y$10$BfK63PmaH/mYpHNfVjCIIuDwnMM.q2ZyjzUAjZTXPmAEiXPoqsXdy,2026-01-01
K6--00413,en_US,,k6test413@k6-loadtest.local,Mr,LoadTest,User413,K6 Load Test Company 013,Male,,$2y$10$BfK63PmaH/mYpHNfVjCIIuDwnMM.q2ZyjzUAjZTXPmAEiXPoqsXdy,2026-01-01
K6--00414,en_US,,k6test414@k6-loadtest.local,Mr,LoadTest,User414,K6 Load Test Company 014,Male,,$2y$10$BfK63PmaH/mYpHNfVjCIIuDwnMM.q2ZyjzUAjZTXPmAEiXPoqsXdy,2026-01-01
K6--00415,en_US,,k6test415@k6-loadtest.local,Mr,LoadTest,User415,K6 Load Test Company 015,Male,,$2y$10$BfK63PmaH/mYpHNfVjCIIuDwnMM.q2ZyjzUAjZTXPmAEiXPoqsXdy,2026-01-01
K6--00416,en_US,,k6test416@k6-loadtest.local,Mr,LoadTest,User416,K6 Load Test Company 016,Male,,$2y$10$BfK63PmaH/mYpHNfVjCIIuDwnMM.q2ZyjzUAjZTXPmAEiXPoqsXdy,2026-01-01
K6--00417,en_US,,k6test417@k6-loadtest.local,Mr,LoadTest,User417,K6 Load Test Company 017,Male,,$2y$10$BfK63PmaH/mYpHNfVjCIIuDwnMM.q2ZyjzUAjZTXPmAEiXPoqsXdy,2026-01-01
K6--00418,en_US,,k6test418@k6-loadtest.local,Mr,LoadTest,User418,K6 Load Test Company 018,Male,,$2y$10$BfK63PmaH/mYpHNfVjCIIuDwnMM.q2ZyjzUAjZTXPmAEiXPoqsXdy,2026-01-01
K6--00419,en_US,,k6test419@k6-loadtest.local,Mr,LoadTest,User419,K6 Load Test Company 019,Male,,$2y$10$BfK63PmaH/mYpHNfVjCIIuDwnMM.q2ZyjzUAjZTXPmAEiXPoqsXdy,2026-01-01
K6--00420,en_US,,k6test420@k6-loadtest.local,Mr,LoadTest,User420,K6 Load Test Company 020,Male,,$2y$10$BfK63PmaH/mYpHNfVjCIIuDwnMM.q2ZyjzUAjZTXPmAEiXPoqsXdy,2026-01-01
K6--00421,en_US,,k6test421@k6-loadtest.local,Mr,LoadTest,User421,K6 Load Test Company 021,Male,,$2y$10$BfK63PmaH/mYpHNfVjCIIuDwnMM.q2ZyjzUAjZTXPmAEiXPoqsXdy,2026-01-01
K6--00422,en_US,,k6test422@k6-loadtest.local,Mr,LoadTest,User422,K6 Load Test Company 022,Male,,$2y$10$BfK63PmaH/mYpHNfVjCIIuDwnMM.q2ZyjzUAjZTXPmAEiXPoqsXdy,2026-01-01
K6--00423,en_US,,k6test423@k6-loadtest.local,Mr,LoadTest,User423,K6 Load Test Company 023,Male,,$2y$10$BfK63PmaH/mYpHNfVjCIIuDwnMM.q2ZyjzUAjZTXPmAEiXPoqsXdy,2026-01-01
K6--00424,en_US,,k6test424@k6-loadtest.local,Mr,LoadTest,User424,K6 Load Test Company 024,Male,,$2y$10$BfK63PmaH/mYpHNfVjCIIuDwnMM.q2ZyjzUAjZTXPmAEiXPoqsXdy,2026-01-01
K6--00425,en_US,,k6test425@k6-loadtest.local,Mr,LoadTest,User425,K6 Load Test Company 025,Male,,$2y$10$BfK63PmaH/mYpHNfVjCIIuDwnMM.q2ZyjzUAjZTXPmAEiXPoqsXdy,2026-01-01
K6--00426,en_US,,k6test426@k6-loadtest.local,Mr,LoadTest,User426,K6 Load Test Company 026,Male,,$2y$10$BfK63PmaH/mYpHNfVjCIIuDwnMM.q2ZyjzUAjZTXPmAEiXPoqsXdy,2026-01-01
K6--00427,en_US,,k6test427@k6-loadtest.local,Mr,LoadTest,User427,K6 Load Test Company 027,Male,,$2y$10$BfK63PmaH/mYpHNfVjCIIuDwnMM.q2ZyjzUAjZTXPmAEiXPoqsXdy,2026-01-01
K6--00428,en_US,,k6test428@k6-loadtest.local,Mr,LoadTest,User428,K6 Load Test Company 028,Male,,$2y$10$BfK63PmaH/mYpHNfVjCIIuDwnMM.q2ZyjzUAjZTXPmAEiXPoqsXdy,2026-01-01
K6--00429,en_US,,k6test429@k6-loadtest.local,Mr,LoadTest,User429,K6 Load Test Company 029,Male,,$2y$10$BfK63PmaH/mYpHNfVjCIIuDwnMM.q2ZyjzUAjZTXPmAEiXPoqsXdy,2026-01-01
K6--00430,en_US,,k6test430@k6-loadtest.local,Mr,LoadTest,User430,K6 Load Test Company 030,Male,,$2y$10$BfK63PmaH/mYpHNfVjCIIuDwnMM.q2ZyjzUAjZTXPmAEiXPoqsXdy,2026-01-01
K6--00431,en_US,,k6test431@k6-loadtest.local,Mr,LoadTest,User431,K6 Load Test Company 031,Male,,$2y$10$BfK63PmaH/mYpHNfVjCIIuDwnMM.q2ZyjzUAjZTXPmAEiXPoqsXdy,2026-01-01
K6--00432,en_US,,k6test432@k6-loadtest.local,Mr,LoadTest,User432,K6 Load Test Company 032,Male,,$2y$10$BfK63PmaH/mYpHNfVjCIIuDwnMM.q2ZyjzUAjZTXPmAEiXPoqsXdy,2026-01-01
K6--00433,en_US,,k6test433@k6-loadtest.local,Mr,LoadTest,User433,K6 Load Test Company 033,Male,,$2y$10$BfK63PmaH/mYpHNfVjCIIuDwnMM.q2ZyjzUAjZTXPmAEiXPoqsXdy,2026-01-01
K6--00434,en_US,,k6test434@k6-loadtest.local,Mr,LoadTest,User434,K6 Load Test Company 034,Male,,$2y$10$BfK63PmaH/mYpHNfVjCIIuDwnMM.q2ZyjzUAjZTXPmAEiXPoqsXdy,2026-01-01
K6--00435,en_US,,k6test435@k6-loadtest.local,Mr,LoadTest,User435,K6 Load Test Company 035,Male,,$2y$10$BfK63PmaH/mYpHNfVjCIIuDwnMM.q2ZyjzUAjZTXPmAEiXPoqsXdy,2026-01-01
K6--00436,en_US,,k6test436@k6-loadtest.local,Mr,LoadTest,User436,K6 Load Test Company 036,Male,,$2y$10$BfK63PmaH/mYpHNfVjCIIuDwnMM.q2ZyjzUAjZTXPmAEiXPoqsXdy,2026-01-01
K6--00437,en_US,,k6test437@k6-loadtest.local,Mr,LoadTest,User437,K6 Load Test Company 037,Male,,$2y$10$BfK63PmaH/mYpHNfVjCIIuDwnMM.q2ZyjzUAjZTXPmAEiXPoqsXdy,2026-01-01
K6--00438,en_US,,k6test438@k6-loadtest.local,Mr,LoadTest,User438,K6 Load Test Company 038,Male,,$2y$10$BfK63PmaH/mYpHNfVjCIIuDwnMM.q2ZyjzUAjZTXPmAEiXPoqsXdy,2026-01-01
K6--00439,en_US,,k6test439@k6-loadtest.local,Mr,LoadTest,User439,K6 Load Test Company 039,Male,,$2y$10$BfK63PmaH/mYpHNfVjCIIuDwnMM.q2ZyjzUAjZTXPmAEiXPoqsXdy,2026-01-01
K6--00440,en_US,,k6test440@k6-loadtest.local,Mr,LoadTest,User440,K6 Load Test Company 040,Male,,$2y$10$BfK63PmaH/mYpHNfVjCIIuDwnMM.q2ZyjzUAjZTXPmAEiXPoqsXdy,2026-01-01
K6--00441,en_US,,k6test441@k6-loadtest.local,Mr,LoadTest,User441,K6 Load Test Company 041,Male,,$2y$10$BfK63PmaH/mYpHNfVjCIIuDwnMM.q2ZyjzUAjZTXPmAEiXPoqsXdy,2026-01-01
K6--00442,en_US,,k6test442@k6-loadtest.local,Mr,LoadTest,User442,K6 Load Test Company 042,Male,,$2y$10$BfK63PmaH/mYpHNfVjCIIuDwnMM.q2ZyjzUAjZTXPmAEiXPoqsXdy,2026-01-01
K6--00443,en_US,,k6test443@k6-loadtest.local,Mr,LoadTest,User443,K6 Load Test Company 043,Male,,$2y$10$BfK63PmaH/mYpHNfVjCIIuDwnMM.q2ZyjzUAjZTXPmAEiXPoqsXdy,2026-01-01
K6--00444,en_US,,k6test444@k6-loadtest.local,Mr,LoadTest,User444,K6 Load Test Company 044,Male,,$2y$10$BfK63PmaH/mYpHNfVjCIIuDwnMM.q2ZyjzUAjZTXPmAEiXPoqsXdy,2026-01-01
K6--00445,en_US,,k6test445@k6-loadtest.local,Mr,LoadTest,User445,K6 Load Test Company 045,Male,,$2y$10$BfK63PmaH/mYpHNfVjCIIuDwnMM.q2ZyjzUAjZTXPmAEiXPoqsXdy,2026-01-01
K6--00446,en_US,,k6test446@k6-loadtest.local,Mr,LoadTest,User446,K6 Load Test Company 046,Male,,$2y$10$BfK63PmaH/mYpHNfVjCIIuDwnMM.q2ZyjzUAjZTXPmAEiXPoqsXdy,2026-01-01
K6--00447,en_US,,k6test447@k6-loadtest.local,Mr,LoadTest,User447,K6 Load Test Company 047,Male,,$2y$10$BfK63PmaH/mYpHNfVjCIIuDwnMM.q2ZyjzUAjZTXPmAEiXPoqsXdy,2026-01-01
K6--00448,en_US,,k6test448@k6-loadtest.local,Mr,LoadTest,User448,K6 Load Test Company 048,Male,,$2y$10$BfK63PmaH/mYpHNfVjCIIuDwnMM.q2ZyjzUAjZTXPmAEiXPoqsXdy,2026-01-01
K6--00449,en_US,,k6test449@k6-loadtest.local,Mr,LoadTest,User449,K6 Load Test Company 049,Male,,$2y$10$BfK63PmaH/mYpHNfVjCIIuDwnMM.q2ZyjzUAjZTXPmAEiXPoqsXdy,2026-01-01
K6--00450,en_US,,k6test450@k6-loadtest.local,Mr,LoadTest,User450,K6 Load Test Company 050,Male,,$2y$10$BfK63PmaH/mYpHNfVjCIIuDwnMM.q2ZyjzUAjZTXPmAEiXPoqsXdy,2026-01-01
K6--00451,en_US,,k6test451@k6-loadtest.local,Mr,LoadTest,User451,K6 Load Test Company 001,Male,,$2y$10$BfK63PmaH/mYpHNfVjCIIuDwnMM.q2ZyjzUAjZTXPmAEiXPoqsXdy,2026-01-01
K6--00452,en_US,,k6test452@k6-loadtest.local,Mr,LoadTest,User452,K6 Load Test Company 002,Male,,$2y$10$BfK63PmaH/mYpHNfVjCIIuDwnMM.q2ZyjzUAjZTXPmAEiXPoqsXdy,2026-01-01
K6--00453,en_US,,k6test453@k6-loadtest.local,Mr,LoadTest,User453,K6 Load Test Company 003,Male,,$2y$10$BfK63PmaH/mYpHNfVjCIIuDwnMM.q2ZyjzUAjZTXPmAEiXPoqsXdy,2026-01-01
K6--00454,en_US,,k6test454@k6-loadtest.local,Mr,LoadTest,User454,K6 Load Test Company 004,Male,,$2y$10$BfK63PmaH/mYpHNfVjCIIuDwnMM.q2ZyjzUAjZTXPmAEiXPoqsXdy,2026-01-01
K6--00455,en_US,,k6test455@k6-loadtest.local,Mr,LoadTest,User455,K6 Load Test Company 005,Male,,$2y$10$BfK63PmaH/mYpHNfVjCIIuDwnMM.q2ZyjzUAjZTXPmAEiXPoqsXdy,2026-01-01
K6--00456,en_US,,k6test456@k6-loadtest.local,Mr,LoadTest,User456,K6 Load Test Company 006,Male,,$2y$10$BfK63PmaH/mYpHNfVjCIIuDwnMM.q2ZyjzUAjZTXPmAEiXPoqsXdy,2026-01-01
K6--00457,en_US,,k6test457@k6-loadtest.local,Mr,LoadTest,User457,K6 Load Test Company 007,Male,,$2y$10$BfK63PmaH/mYpHNfVjCIIuDwnMM.q2ZyjzUAjZTXPmAEiXPoqsXdy,2026-01-01
K6--00458,en_US,,k6test458@k6-loadtest.local,Mr,LoadTest,User458,K6 Load Test Company 008,Male,,$2y$10$BfK63PmaH/mYpHNfVjCIIuDwnMM.q2ZyjzUAjZTXPmAEiXPoqsXdy,2026-01-01
K6--00459,en_US,,k6test459@k6-loadtest.local,Mr,LoadTest,User459,K6 Load Test Company 009,Male,,$2y$10$BfK63PmaH/mYpHNfVjCIIuDwnMM.q2ZyjzUAjZTXPmAEiXPoqsXdy,2026-01-01
K6--00460,en_US,,k6test460@k6-loadtest.local,Mr,LoadTest,User460,K6 Load Test Company 010,Male,,$2y$10$BfK63PmaH/mYpHNfVjCIIuDwnMM.q2ZyjzUAjZTXPmAEiXPoqsXdy,2026-01-01
K6--00461,en_US,,k6test461@k6-loadtest.local,Mr,LoadTest,User461,K6 Load Test Company 011,Male,,$2y$10$BfK63PmaH/mYpHNfVjCIIuDwnMM.q2ZyjzUAjZTXPmAEiXPoqsXdy,2026-01-01
K6--00462,en_US,,k6test462@k6-loadtest.local,Mr,LoadTest,User462,K6 Load Test Company 012,Male,,$2y$10$BfK63PmaH/mYpHNfVjCIIuDwnMM.q2ZyjzUAjZTXPmAEiXPoqsXdy,2026-01-01
K6--00463,en_US,,k6test463@k6-loadtest.local,Mr,LoadTest,User463,K6 Load Test Company 013,Male,,$2y$10$BfK63PmaH/mYpHNfVjCIIuDwnMM.q2ZyjzUAjZTXPmAEiXPoqsXdy,2026-01-01
K6--00464,en_US,,k6test464@k6-loadtest.local,Mr,LoadTest,User464,K6 Load Test Company 014,Male,,$2y$10$BfK63PmaH/mYpHNfVjCIIuDwnMM.q2ZyjzUAjZTXPmAEiXPoqsXdy,2026-01-01
K6--00465,en_US,,k6test465@k6-loadtest.local,Mr,LoadTest,User465,K6 Load Test Company 015,Male,,$2y$10$BfK63PmaH/mYpHNfVjCIIuDwnMM.q2ZyjzUAjZTXPmAEiXPoqsXdy,2026-01-01
K6--00466,en_US,,k6test466@k6-loadtest.local,Mr,LoadTest,User466,K6 Load Test Company 016,Male,,$2y$10$BfK63PmaH/mYpHNfVjCIIuDwnMM.q2ZyjzUAjZTXPmAEiXPoqsXdy,2026-01-01
K6--00467,en_US,,k6test467@k6-loadtest.local,Mr,LoadTest,User467,K6 Load Test Company 017,Male,,$2y$10$BfK63PmaH/mYpHNfVjCIIuDwnMM.q2ZyjzUAjZTXPmAEiXPoqsXdy,2026-01-01
K6--00468,en_US,,k6test468@k6-loadtest.local,Mr,LoadTest,User468,K6 Load Test Company 018,Male,,$2y$10$BfK63PmaH/mYpHNfVjCIIuDwnMM.q2ZyjzUAjZTXPmAEiXPoqsXdy,2026-01-01
K6--00469,en_US,,k6test469@k6-loadtest.local,Mr,LoadTest,User469,K6 Load Test Company 019,Male,,$2y$10$BfK63PmaH/mYpHNfVjCIIuDwnMM.q2ZyjzUAjZTXPmAEiXPoqsXdy,2026-01-01
K6--00470,en_US,,k6test470@k6-loadtest.local,Mr,LoadTest,User470,K6 Load Test Company 020,Male,,$2y$10$BfK63PmaH/mYpHNfVjCIIuDwnMM.q2ZyjzUAjZTXPmAEiXPoqsXdy,2026-01-01
K6--00471,en_US,,k6test471@k6-loadtest.local,Mr,LoadTest,User471,K6 Load Test Company 021,Male,,$2y$10$BfK63PmaH/mYpHNfVjCIIuDwnMM.q2ZyjzUAjZTXPmAEiXPoqsXdy,2026-01-01
K6--00472,en_US,,k6test472@k6-loadtest.local,Mr,LoadTest,User472,K6 Load Test Company 022,Male,,$2y$10$BfK63PmaH/mYpHNfVjCIIuDwnMM.q2ZyjzUAjZTXPmAEiXPoqsXdy,2026-01-01
K6--00473,en_US,,k6test473@k6-loadtest.local,Mr,LoadTest,User473,K6 Load Test Company 023,Male,,$2y$10$BfK63PmaH/mYpHNfVjCIIuDwnMM.q2ZyjzUAjZTXPmAEiXPoqsXdy,2026-01-01
K6--00474,en_US,,k6test474@k6-loadtest.local,Mr,LoadTest,User474,K6 Load Test Company 024,Male,,$2y$10$BfK63PmaH/mYpHNfVjCIIuDwnMM.q2ZyjzUAjZTXPmAEiXPoqsXdy,2026-01-01
K6--00475,en_US,,k6test475@k6-loadtest.local,Mr,LoadTest,User475,K6 Load Test Company 025,Male,,$2y$10$BfK63PmaH/mYpHNfVjCIIuDwnMM.q2ZyjzUAjZTXPmAEiXPoqsXdy,2026-01-01
K6--00476,en_US,,k6test476@k6-loadtest.local,Mr,LoadTest,User476,K6 Load Test Company 026,Male,,$2y$10$BfK63PmaH/mYpHNfVjCIIuDwnMM.q2ZyjzUAjZTXPmAEiXPoqsXdy,2026-01-01
K6--00477,en_US,,k6test477@k6-loadtest.local,Mr,LoadTest,User477,K6 Load Test Company 027,Male,,$2y$10$BfK63PmaH/mYpHNfVjCIIuDwnMM.q2ZyjzUAjZTXPmAEiXPoqsXdy,2026-01-01
K6--00478,en_US,,k6test478@k6-loadtest.local,Mr,LoadTest,User478,K6 Load Test Company 028,Male,,$2y$10$BfK63PmaH/mYpHNfVjCIIuDwnMM.q2ZyjzUAjZTXPmAEiXPoqsXdy,2026-01-01
K6--00479,en_US,,k6test479@k6-loadtest.local,Mr,LoadTest,User479,K6 Load Test Company 029,Male,,$2y$10$BfK63PmaH/mYpHNfVjCIIuDwnMM.q2ZyjzUAjZTXPmAEiXPoqsXdy,2026-01-01
K6--00480,en_US,,k6test480@k6-loadtest.local,Mr,LoadTest,User480,K6 Load Test Company 030,Male,,$2y$10$BfK63PmaH/mYpHNfVjCIIuDwnMM.q2ZyjzUAjZTXPmAEiXPoqsXdy,2026-01-01
K6--00481,en_US,,k6test481@k6-loadtest.local,Mr,LoadTest,User481,K6 Load Test Company 031,Male,,$2y$10$BfK63PmaH/mYpHNfVjCIIuDwnMM.q2ZyjzUAjZTXPmAEiXPoqsXdy,2026-01-01
K6--00482,en_US,,k6test482@k6-loadtest.local,Mr,LoadTest,User482,K6 Load Test Company 032,Male,,$2y$10$BfK63PmaH/mYpHNfVjCIIuDwnMM.q2ZyjzUAjZTXPmAEiXPoqsXdy,2026-01-01
K6--00483,en_US,,k6test483@k6-loadtest.local,Mr,LoadTest,User483,K6 Load Test Company 033,Male,,$2y$10$BfK63PmaH/mYpHNfVjCIIuDwnMM.q2ZyjzUAjZTXPmAEiXPoqsXdy,2026-01-01
K6--00484,en_US,,k6test484@k6-loadtest.local,Mr,LoadTest,User484,K6 Load Test Company 034,Male,,$2y$10$BfK63PmaH/mYpHNfVjCIIuDwnMM.q2ZyjzUAjZTXPmAEiXPoqsXdy,2026-01-01
K6--00485,en_US,,k6test485@k6-loadtest.local,Mr,LoadTest,User485,K6 Load Test Company 035,Male,,$2y$10$BfK63PmaH/mYpHNfVjCIIuDwnMM.q2ZyjzUAjZTXPmAEiXPoqsXdy,2026-01-01
K6--00486,en_US,,k6test486@k6-loadtest.local,Mr,LoadTest,User486,K6 Load Test Company 036,Male,,$2y$10$BfK63PmaH/mYpHNfVjCIIuDwnMM.q2ZyjzUAjZTXPmAEiXPoqsXdy,2026-01-01
K6--00487,en_US,,k6test487@k6-loadtest.local,Mr,LoadTest,User487,K6 Load Test Company 037,Male,,$2y$10$BfK63PmaH/mYpHNfVjCIIuDwnMM.q2ZyjzUAjZTXPmAEiXPoqsXdy,2026-01-01
K6--00488,en_US,,k6test488@k6-loadtest.local,Mr,LoadTest,User488,K6 Load Test Company 038,Male,,$2y$10$BfK63PmaH/mYpHNfVjCIIuDwnMM.q2ZyjzUAjZTXPmAEiXPoqsXdy,2026-01-01
K6--00489,en_US,,k6test489@k6-loadtest.local,Mr,LoadTest,User489,K6 Load Test Company 039,Male,,$2y$10$BfK63PmaH/mYpHNfVjCIIuDwnMM.q2ZyjzUAjZTXPmAEiXPoqsXdy,2026-01-01
K6--00490,en_US,,k6test490@k6-loadtest.local,Mr,LoadTest,User490,K6 Load Test Company 040,Male,,$2y$10$BfK63PmaH/mYpHNfVjCIIuDwnMM.q2ZyjzUAjZTXPmAEiXPoqsXdy,2026-01-01
K6--00491,en_US,,k6test491@k6-loadtest.local,Mr,LoadTest,User491,K6 Load Test Company 041,Male,,$2y$10$BfK63PmaH/mYpHNfVjCIIuDwnMM.q2ZyjzUAjZTXPmAEiXPoqsXdy,2026-01-01
K6--00492,en_US,,k6test492@k6-loadtest.local,Mr,LoadTest,User492,K6 Load Test Company 042,Male,,$2y$10$BfK63PmaH/mYpHNfVjCIIuDwnMM.q2ZyjzUAjZTXPmAEiXPoqsXdy,2026-01-01
K6--00493,en_US,,k6test493@k6-loadtest.local,Mr,LoadTest,User493,K6 Load Test Company 043,Male,,$2y$10$BfK63PmaH/mYpHNfVjCIIuDwnMM.q2ZyjzUAjZTXPmAEiXPoqsXdy,2026-01-01
K6--00494,en_US,,k6test494@k6-loadtest.local,Mr,LoadTest,User494,K6 Load Test Company 044,Male,,$2y$10$BfK63PmaH/mYpHNfVjCIIuDwnMM.q2ZyjzUAjZTXPmAEiXPoqsXdy,2026-01-01
K6--00495,en_US,,k6test495@k6-loadtest.local,Mr,LoadTest,User495,K6 Load Test Company 045,Male,,$2y$10$BfK63PmaH/mYpHNfVjCIIuDwnMM.q2ZyjzUAjZTXPmAEiXPoqsXdy,2026-01-01
K6--00496,en_US,,k6test496@k6-loadtest.local,Mr,LoadTest,User496,K6 Load Test Company 046,Male,,$2y$10$BfK63PmaH/mYpHNfVjCIIuDwnMM.q2ZyjzUAjZTXPmAEiXPoqsXdy,2026-01-01
K6--00497,en_US,,k6test497@k6-loadtest.local,Mr,LoadTest,User497,K6 Load Test Company 047,Male,,$2y$10$BfK63PmaH/mYpHNfVjCIIuDwnMM.q2ZyjzUAjZTXPmAEiXPoqsXdy,2026-01-01
K6--00498,en_US,,k6test498@k6-loadtest.local,Mr,LoadTest,User498,K6 Load Test Company 048,Male,,$2y$10$BfK63PmaH/mYpHNfVjCIIuDwnMM.q2ZyjzUAjZTXPmAEiXPoqsXdy,2026-01-01
K6--00499,en_US,,k6test499@k6-loadtest.local,Mr,LoadTest,User499,K6 Load Test Company 049,Male,,$2y$10$BfK63PmaH/mYpHNfVjCIIuDwnMM.q2ZyjzUAjZTXPmAEiXPoqsXdy,2026-01-01
K6--00500,en_US,,k6test500@k6-loadtest.local,Mr,LoadTest,User500,K6 Load Test Company 050,Male,,$2y$10$BfK63PmaH/mYpHNfVjCIIuDwnMM.q2ZyjzUAjZTXPmAEiXPoqsXdy,2026-01-01
K6--00501,en_US,,k6test501@k6-loadtest.local,Mr,LoadTest,User501,K6 Load Test Company 001,Male,,$2y$10$BfK63PmaH/mYpHNfVjCIIuDwnMM.q2ZyjzUAjZTXPmAEiXPoqsXdy,2026-01-01
K6--00502,en_US,,k6test502@k6-loadtest.local,Mr,LoadTest,User502,K6 Load Test Company 002,Male,,$2y$10$BfK63PmaH/mYpHNfVjCIIuDwnMM.q2ZyjzUAjZTXPmAEiXPoqsXdy,2026-01-01
K6--00503,en_US,,k6test503@k6-loadtest.local,Mr,LoadTest,User503,K6 Load Test Company 003,Male,,$2y$10$BfK63PmaH/mYpHNfVjCIIuDwnMM.q2ZyjzUAjZTXPmAEiXPoqsXdy,2026-01-01
K6--00504,en_US,,k6test504@k6-loadtest.local,Mr,LoadTest,User504,K6 Load Test Company 004,Male,,$2y$10$BfK63PmaH/mYpHNfVjCIIuDwnMM.q2ZyjzUAjZTXPmAEiXPoqsXdy,2026-01-01
K6--00505,en_US,,k6test505@k6-loadtest.local,Mr,LoadTest,User505,K6 Load Test Company 005,Male,,$2y$10$BfK63PmaH/mYpHNfVjCIIuDwnMM.q2ZyjzUAjZTXPmAEiXPoqsXdy,2026-01-01
K6--00506,en_US,,k6test506@k6-loadtest.local,Mr,LoadTest,User506,K6 Load Test Company 006,Male,,$2y$10$BfK63PmaH/mYpHNfVjCIIuDwnMM.q2ZyjzUAjZTXPmAEiXPoqsXdy,2026-01-01
K6--00507,en_US,,k6test507@k6-loadtest.local,Mr,LoadTest,User507,K6 Load Test Company 007,Male,,$2y$10$BfK63PmaH/mYpHNfVjCIIuDwnMM.q2ZyjzUAjZTXPmAEiXPoqsXdy,2026-01-01
K6--00508,en_US,,k6test508@k6-loadtest.local,Mr,LoadTest,User508,K6 Load Test Company 008,Male,,$2y$10$BfK63PmaH/mYpHNfVjCIIuDwnMM.q2ZyjzUAjZTXPmAEiXPoqsXdy,2026-01-01
K6--00509,en_US,,k6test509@k6-loadtest.local,Mr,LoadTest,User509,K6 Load Test Company 009,Male,,$2y$10$BfK63PmaH/mYpHNfVjCIIuDwnMM.q2ZyjzUAjZTXPmAEiXPoqsXdy,2026-01-01
K6--00510,en_US,,k6test510@k6-loadtest.local,Mr,LoadTest,User510,K6 Load Test Company 010,Male,,$2y$10$BfK63PmaH/mYpHNfVjCIIuDwnMM.q2ZyjzUAjZTXPmAEiXPoqsXdy,2026-01-01
K6--00511,en_US,,k6test511@k6-loadtest.local,Mr,LoadTest,User511,K6 Load Test Company 011,Male,,$2y$10$BfK63PmaH/mYpHNfVjCIIuDwnMM.q2ZyjzUAjZTXPmAEiXPoqsXdy,2026-01-01
K6--00512,en_US,,k6test512@k6-loadtest.local,Mr,LoadTest,User512,K6 Load Test Company 012,Male,,$2y$10$BfK63PmaH/mYpHNfVjCIIuDwnMM.q2ZyjzUAjZTXPmAEiXPoqsXdy,2026-01-01
K6--00513,en_US,,k6test513@k6-loadtest.local,Mr,LoadTest,User513,K6 Load Test Company 013,Male,,$2y$10$BfK63PmaH/mYpHNfVjCIIuDwnMM.q2ZyjzUAjZTXPmAEiXPoqsXdy,2026-01-01
K6--00514,en_US,,k6test514@k6-loadtest.local,Mr,LoadTest,User514,K6 Load Test Company 014,Male,,$2y$10$BfK63PmaH/mYpHNfVjCIIuDwnMM.q2ZyjzUAjZTXPmAEiXPoqsXdy,2026-01-01
K6--00515,en_US,,k6test515@k6-loadtest.local,Mr,LoadTest,User515,K6 Load Test Company 015,Male,,$2y$10$BfK63PmaH/mYpHNfVjCIIuDwnMM.q2ZyjzUAjZTXPmAEiXPoqsXdy,2026-01-01
K6--00516,en_US,,k6test516@k6-loadtest.local,Mr,LoadTest,User516,K6 Load Test Company 016,Male,,$2y$10$BfK63PmaH/mYpHNfVjCIIuDwnMM.q2ZyjzUAjZTXPmAEiXPoqsXdy,2026-01-01
K6--00517,en_US,,k6test517@k6-loadtest.local,Mr,LoadTest,User517,K6 Load Test Company 017,Male,,$2y$10$BfK63PmaH/mYpHNfVjCIIuDwnMM.q2ZyjzUAjZTXPmAEiXPoqsXdy,2026-01-01
K6--00518,en_US,,k6test518@k6-loadtest.local,Mr,LoadTest,User518,K6 Load Test Company 018,Male,,$2y$10$BfK63PmaH/mYpHNfVjCIIuDwnMM.q2ZyjzUAjZTXPmAEiXPoqsXdy,2026-01-01
K6--00519,en_US,,k6test519@k6-loadtest.local,Mr,LoadTest,User519,K6 Load Test Company 019,Male,,$2y$10$BfK63PmaH/mYpHNfVjCIIuDwnMM.q2ZyjzUAjZTXPmAEiXPoqsXdy,2026-01-01
K6--00520,en_US,,k6test520@k6-loadtest.local,Mr,LoadTest,User520,K6 Load Test Company 020,Male,,$2y$10$BfK63PmaH/mYpHNfVjCIIuDwnMM.q2ZyjzUAjZTXPmAEiXPoqsXdy,2026-01-01
K6--00521,en_US,,k6test521@k6-loadtest.local,Mr,LoadTest,User521,K6 Load Test Company 021,Male,,$2y$10$BfK63PmaH/mYpHNfVjCIIuDwnMM.q2ZyjzUAjZTXPmAEiXPoqsXdy,2026-01-01
K6--00522,en_US,,k6test522@k6-loadtest.local,Mr,LoadTest,User522,K6 Load Test Company 022,Male,,$2y$10$BfK63PmaH/mYpHNfVjCIIuDwnMM.q2ZyjzUAjZTXPmAEiXPoqsXdy,2026-01-01
K6--00523,en_US,,k6test523@k6-loadtest.local,Mr,LoadTest,User523,K6 Load Test Company 023,Male,,$2y$10$BfK63PmaH/mYpHNfVjCIIuDwnMM.q2ZyjzUAjZTXPmAEiXPoqsXdy,2026-01-01
K6--00524,en_US,,k6test524@k6-loadtest.local,Mr,LoadTest,User524,K6 Load Test Company 024,Male,,$2y$10$BfK63PmaH/mYpHNfVjCIIuDwnMM.q2ZyjzUAjZTXPmAEiXPoqsXdy,2026-01-01
K6--00525,en_US,,k6test525@k6-loadtest.local,Mr,LoadTest,User525,K6 Load Test Company 025,Male,,$2y$10$BfK63PmaH/mYpHNfVjCIIuDwnMM.q2ZyjzUAjZTXPmAEiXPoqsXdy,2026-01-01
K6--00526,en_US,,k6test526@k6-loadtest.local,Mr,LoadTest,User526,K6 Load Test Company 026,Male,,$2y$10$BfK63PmaH/mYpHNfVjCIIuDwnMM.q2ZyjzUAjZTXPmAEiXPoqsXdy,2026-01-01
K6--00527,en_US,,k6test527@k6-loadtest.local,Mr,LoadTest,User527,K6 Load Test Company 027,Male,,$2y$10$BfK63PmaH/mYpHNfVjCIIuDwnMM.q2ZyjzUAjZTXPmAEiXPoqsXdy,2026-01-01
K6--00528,en_US,,k6test528@k6-loadtest.local,Mr,LoadTest,User528,K6 Load Test Company 028,Male,,$2y$10$BfK63PmaH/mYpHNfVjCIIuDwnMM.q2ZyjzUAjZTXPmAEiXPoqsXdy,2026-01-01
K6--00529,en_US,,k6test529@k6-loadtest.local,Mr,LoadTest,User529,K6 Load Test Company 029,Male,,$2y$10$BfK63PmaH/mYpHNfVjCIIuDwnMM.q2ZyjzUAjZTXPmAEiXPoqsXdy,2026-01-01
K6--00530,en_US,,k6test530@k6-loadtest.local,Mr,LoadTest,User530,K6 Load Test Company 030,Male,,$2y$10$BfK63PmaH/mYpHNfVjCIIuDwnMM.q2ZyjzUAjZTXPmAEiXPoqsXdy,2026-01-01
K6--00531,en_US,,k6test531@k6-loadtest.local,Mr,LoadTest,User531,K6 Load Test Company 031,Male,,$2y$10$BfK63PmaH/mYpHNfVjCIIuDwnMM.q2ZyjzUAjZTXPmAEiXPoqsXdy,2026-01-01
K6--00532,en_US,,k6test532@k6-loadtest.local,Mr,LoadTest,User532,K6 Load Test Company 032,Male,,$2y$10$BfK63PmaH/mYpHNfVjCIIuDwnMM.q2ZyjzUAjZTXPmAEiXPoqsXdy,2026-01-01
K6--00533,en_US,,k6test533@k6-loadtest.local,Mr,LoadTest,User533,K6 Load Test Company 033,Male,,$2y$10$BfK63PmaH/mYpHNfVjCIIuDwnMM.q2ZyjzUAjZTXPmAEiXPoqsXdy,2026-01-01
K6--00534,en_US,,k6test534@k6-loadtest.local,Mr,LoadTest,User534,K6 Load Test Company 034,Male,,$2y$10$BfK63PmaH/mYpHNfVjCIIuDwnMM.q2ZyjzUAjZTXPmAEiXPoqsXdy,2026-01-01
K6--00535,en_US,,k6test535@k6-loadtest.local,Mr,LoadTest,User535,K6 Load Test Company 035,Male,,$2y$10$BfK63PmaH/mYpHNfVjCIIuDwnMM.q2ZyjzUAjZTXPmAEiXPoqsXdy,2026-01-01
K6--00536,en_US,,k6test536@k6-loadtest.local,Mr,LoadTest,User536,K6 Load Test Company 036,Male,,$2y$10$BfK63PmaH/mYpHNfVjCIIuDwnMM.q2ZyjzUAjZTXPmAEiXPoqsXdy,2026-01-01
K6--00537,en_US,,k6test537@k6-loadtest.local,Mr,LoadTest,User537,K6 Load Test Company 037,Male,,$2y$10$BfK63PmaH/mYpHNfVjCIIuDwnMM.q2ZyjzUAjZTXPmAEiXPoqsXdy,2026-01-01
K6--00538,en_US,,k6test538@k6-loadtest.local,Mr,LoadTest,User538,K6 Load Test Company 038,Male,,$2y$10$BfK63PmaH/mYpHNfVjCIIuDwnMM.q2ZyjzUAjZTXPmAEiXPoqsXdy,2026-01-01
K6--00539,en_US,,k6test539@k6-loadtest.local,Mr,LoadTest,User539,K6 Load Test Company 039,Male,,$2y$10$BfK63PmaH/mYpHNfVjCIIuDwnMM.q2ZyjzUAjZTXPmAEiXPoqsXdy,2026-01-01
K6--00540,en_US,,k6test540@k6-loadtest.local,Mr,LoadTest,User540,K6 Load Test Company 040,Male,,$2y$10$BfK63PmaH/mYpHNfVjCIIuDwnMM.q2ZyjzUAjZTXPmAEiXPoqsXdy,2026-01-01
K6--00541,en_US,,k6test541@k6-loadtest.local,Mr,LoadTest,User541,K6 Load Test Company 041,Male,,$2y$10$BfK63PmaH/mYpHNfVjCIIuDwnMM.q2ZyjzUAjZTXPmAEiXPoqsXdy,2026-01-01
K6--00542,en_US,,k6test542@k6-loadtest.local,Mr,LoadTest,User542,K6 Load Test Company 042,Male,,$2y$10$BfK63PmaH/mYpHNfVjCIIuDwnMM.q2ZyjzUAjZTXPmAEiXPoqsXdy,2026-01-01
K6--00543,en_US,,k6test543@k6-loadtest.local,Mr,LoadTest,User543,K6 Load Test Company 043,Male,,$2y$10$BfK63PmaH/mYpHNfVjCIIuDwnMM.q2ZyjzUAjZTXPmAEiXPoqsXdy,2026-01-01
K6--00544,en_US,,k6test544@k6-loadtest.local,Mr,LoadTest,User544,K6 Load Test Company 044,Male,,$2y$10$BfK63PmaH/mYpHNfVjCIIuDwnMM.q2ZyjzUAjZTXPmAEiXPoqsXdy,2026-01-01
K6--00545,en_US,,k6test545@k6-loadtest.local,Mr,LoadTest,User545,K6 Load Test Company 045,Male,,$2y$10$BfK63PmaH/mYpHNfVjCIIuDwnMM.q2ZyjzUAjZTXPmAEiXPoqsXdy,2026-01-01
K6--00546,en_US,,k6test546@k6-loadtest.local,Mr,LoadTest,User546,K6 Load Test Company 046,Male,,$2y$10$BfK63PmaH/mYpHNfVjCIIuDwnMM.q2ZyjzUAjZTXPmAEiXPoqsXdy,2026-01-01
K6--00547,en_US,,k6test547@k6-loadtest.local,Mr,LoadTest,User547,K6 Load Test Company 047,Male,,$2y$10$BfK63PmaH/mYpHNfVjCIIuDwnMM.q2ZyjzUAjZTXPmAEiXPoqsXdy,2026-01-01
K6--00548,en_US,,k6test548@k6-loadtest.local,Mr,LoadTest,User548,K6 Load Test Company 048,Male,,$2y$10$BfK63PmaH/mYpHNfVjCIIuDwnMM.q2ZyjzUAjZTXPmAEiXPoqsXdy,2026-01-01
K6--00549,en_US,,k6test549@k6-loadtest.local,Mr,LoadTest,User549,K6 Load Test Company 049,Male,,$2y$10$BfK63PmaH/mYpHNfVjCIIuDwnMM.q2ZyjzUAjZTXPmAEiXPoqsXdy,2026-01-01
K6--00550,en_US,,k6test550@k6-loadtest.local,Mr,LoadTest,User550,K6 Load Test Company 050,Male,,$2y$10$BfK63PmaH/mYpHNfVjCIIuDwnMM.q2ZyjzUAjZTXPmAEiXPoqsXdy,2026-01-01
K6--00551,en_US,,k6test551@k6-loadtest.local,Mr,LoadTest,User551,K6 Load Test Company 001,Male,,$2y$10$BfK63PmaH/mYpHNfVjCIIuDwnMM.q2ZyjzUAjZTXPmAEiXPoqsXdy,2026-01-01
K6--00552,en_US,,k6test552@k6-loadtest.local,Mr,LoadTest,User552,K6 Load Test Company 002,Male,,$2y$10$BfK63PmaH/mYpHNfVjCIIuDwnMM.q2ZyjzUAjZTXPmAEiXPoqsXdy,2026-01-01
K6--00553,en_US,,k6test553@k6-loadtest.local,Mr,LoadTest,User553,K6 Load Test Company 003,Male,,$2y$10$BfK63PmaH/mYpHNfVjCIIuDwnMM.q2ZyjzUAjZTXPmAEiXPoqsXdy,2026-01-01
K6--00554,en_US,,k6test554@k6-loadtest.local,Mr,LoadTest,User554,K6 Load Test Company 004,Male,,$2y$10$BfK63PmaH/mYpHNfVjCIIuDwnMM.q2ZyjzUAjZTXPmAEiXPoqsXdy,2026-01-01
K6--00555,en_US,,k6test555@k6-loadtest.local,Mr,LoadTest,User555,K6 Load Test Company 005,Male,,$2y$10$BfK63PmaH/mYpHNfVjCIIuDwnMM.q2ZyjzUAjZTXPmAEiXPoqsXdy,2026-01-01
K6--00556,en_US,,k6test556@k6-loadtest.local,Mr,LoadTest,User556,K6 Load Test Company 006,Male,,$2y$10$BfK63PmaH/mYpHNfVjCIIuDwnMM.q2ZyjzUAjZTXPmAEiXPoqsXdy,2026-01-01
K6--00557,en_US,,k6test557@k6-loadtest.local,Mr,LoadTest,User557,K6 Load Test Company 007,Male,,$2y$10$BfK63PmaH/mYpHNfVjCIIuDwnMM.q2ZyjzUAjZTXPmAEiXPoqsXdy,2026-01-01
K6--00558,en_US,,k6test558@k6-loadtest.local,Mr,LoadTest,User558,K6 Load Test Company 008,Male,,$2y$10$BfK63PmaH/mYpHNfVjCIIuDwnMM.q2ZyjzUAjZTXPmAEiXPoqsXdy,2026-01-01
K6--00559,en_US,,k6test559@k6-loadtest.local,Mr,LoadTest,User559,K6 Load Test Company 009,Male,,$2y$10$BfK63PmaH/mYpHNfVjCIIuDwnMM.q2ZyjzUAjZTXPmAEiXPoqsXdy,2026-01-01
K6--00560,en_US,,k6test560@k6-loadtest.local,Mr,LoadTest,User560,K6 Load Test Company 010,Male,,$2y$10$BfK63PmaH/mYpHNfVjCIIuDwnMM.q2ZyjzUAjZTXPmAEiXPoqsXdy,2026-01-01
K6--00561,en_US,,k6test561@k6-loadtest.local,Mr,LoadTest,User561,K6 Load Test Company 011,Male,,$2y$10$BfK63PmaH/mYpHNfVjCIIuDwnMM.q2ZyjzUAjZTXPmAEiXPoqsXdy,2026-01-01
K6--00562,en_US,,k6test562@k6-loadtest.local,Mr,LoadTest,User562,K6 Load Test Company 012,Male,,$2y$10$BfK63PmaH/mYpHNfVjCIIuDwnMM.q2ZyjzUAjZTXPmAEiXPoqsXdy,2026-01-01
K6--00563,en_US,,k6test563@k6-loadtest.local,Mr,LoadTest,User563,K6 Load Test Company 013,Male,,$2y$10$BfK63PmaH/mYpHNfVjCIIuDwnMM.q2ZyjzUAjZTXPmAEiXPoqsXdy,2026-01-01
K6--00564,en_US,,k6test564@k6-loadtest.local,Mr,LoadTest,User564,K6 Load Test Company 014,Male,,$2y$10$BfK63PmaH/mYpHNfVjCIIuDwnMM.q2ZyjzUAjZTXPmAEiXPoqsXdy,2026-01-01
K6--00565,en_US,,k6test565@k6-loadtest.local,Mr,LoadTest,User565,K6 Load Test Company 015,Male,,$2y$10$BfK63PmaH/mYpHNfVjCIIuDwnMM.q2ZyjzUAjZTXPmAEiXPoqsXdy,2026-01-01
K6--00566,en_US,,k6test566@k6-loadtest.local,Mr,LoadTest,User566,K6 Load Test Company 016,Male,,$2y$10$BfK63PmaH/mYpHNfVjCIIuDwnMM.q2ZyjzUAjZTXPmAEiXPoqsXdy,2026-01-01
K6--00567,en_US,,k6test567@k6-loadtest.local,Mr,LoadTest,User567,K6 Load Test Company 017,Male,,$2y$10$BfK63PmaH/mYpHNfVjCIIuDwnMM.q2ZyjzUAjZTXPmAEiXPoqsXdy,2026-01-01
K6--00568,en_US,,k6test568@k6-loadtest.local,Mr,LoadTest,User568,K6 Load Test Company 018,Male,,$2y$10$BfK63PmaH/mYpHNfVjCIIuDwnMM.q2ZyjzUAjZTXPmAEiXPoqsXdy,2026-01-01
K6--00569,en_US,,k6test569@k6-loadtest.local,Mr,LoadTest,User569,K6 Load Test Company 019,Male,,$2y$10$BfK63PmaH/mYpHNfVjCIIuDwnMM.q2ZyjzUAjZTXPmAEiXPoqsXdy,2026-01-01
K6--00570,en_US,,k6test570@k6-loadtest.local,Mr,LoadTest,User570,K6 Load Test Company 020,Male,,$2y$10$BfK63PmaH/mYpHNfVjCIIuDwnMM.q2ZyjzUAjZTXPmAEiXPoqsXdy,2026-01-01
K6--00571,en_US,,k6test571@k6-loadtest.local,Mr,LoadTest,User571,K6 Load Test Company 021,Male,,$2y$10$BfK63PmaH/mYpHNfVjCIIuDwnMM.q2ZyjzUAjZTXPmAEiXPoqsXdy,2026-01-01
K6--00572,en_US,,k6test572@k6-loadtest.local,Mr,LoadTest,User572,K6 Load Test Company 022,Male,,$2y$10$BfK63PmaH/mYpHNfVjCIIuDwnMM.q2ZyjzUAjZTXPmAEiXPoqsXdy,2026-01-01
K6--00573,en_US,,k6test573@k6-loadtest.local,Mr,LoadTest,User573,K6 Load Test Company 023,Male,,$2y$10$BfK63PmaH/mYpHNfVjCIIuDwnMM.q2ZyjzUAjZTXPmAEiXPoqsXdy,2026-01-01
K6--00574,en_US,,k6test574@k6-loadtest.local,Mr,LoadTest,User574,K6 Load Test Company 024,Male,,$2y$10$BfK63PmaH/mYpHNfVjCIIuDwnMM.q2ZyjzUAjZTXPmAEiXPoqsXdy,2026-01-01
K6--00575,en_US,,k6test575@k6-loadtest.local,Mr,LoadTest,User575,K6 Load Test Company 025,Male,,$2y$10$BfK63PmaH/mYpHNfVjCIIuDwnMM.q2ZyjzUAjZTXPmAEiXPoqsXdy,2026-01-01
K6--00576,en_US,,k6test576@k6-loadtest.local,Mr,LoadTest,User576,K6 Load Test Company 026,Male,,$2y$10$BfK63PmaH/mYpHNfVjCIIuDwnMM.q2ZyjzUAjZTXPmAEiXPoqsXdy,2026-01-01
K6--00577,en_US,,k6test577@k6-loadtest.local,Mr,LoadTest,User577,K6 Load Test Company 027,Male,,$2y$10$BfK63PmaH/mYpHNfVjCIIuDwnMM.q2ZyjzUAjZTXPmAEiXPoqsXdy,2026-01-01
K6--00578,en_US,,k6test578@k6-loadtest.local,Mr,LoadTest,User578,K6 Load Test Company 028,Male,,$2y$10$BfK63PmaH/mYpHNfVjCIIuDwnMM.q2ZyjzUAjZTXPmAEiXPoqsXdy,2026-01-01
K6--00579,en_US,,k6test579@k6-loadtest.local,Mr,LoadTest,User579,K6 Load Test Company 029,Male,,$2y$10$BfK63PmaH/mYpHNfVjCIIuDwnMM.q2ZyjzUAjZTXPmAEiXPoqsXdy,2026-01-01
K6--00580,en_US,,k6test580@k6-loadtest.local,Mr,LoadTest,User580,K6 Load Test Company 030,Male,,$2y$10$BfK63PmaH/mYpHNfVjCIIuDwnMM.q2ZyjzUAjZTXPmAEiXPoqsXdy,2026-01-01
K6--00581,en_US,,k6test581@k6-loadtest.local,Mr,LoadTest,User581,K6 Load Test Company 031,Male,,$2y$10$BfK63PmaH/mYpHNfVjCIIuDwnMM.q2ZyjzUAjZTXPmAEiXPoqsXdy,2026-01-01
K6--00582,en_US,,k6test582@k6-loadtest.local,Mr,LoadTest,User582,K6 Load Test Company 032,Male,,$2y$10$BfK63PmaH/mYpHNfVjCIIuDwnMM.q2ZyjzUAjZTXPmAEiXPoqsXdy,2026-01-01
K6--00583,en_US,,k6test583@k6-loadtest.local,Mr,LoadTest,User583,K6 Load Test Company 033,Male,,$2y$10$BfK63PmaH/mYpHNfVjCIIuDwnMM.q2ZyjzUAjZTXPmAEiXPoqsXdy,2026-01-01
K6--00584,en_US,,k6test584@k6-loadtest.local,Mr,LoadTest,User584,K6 Load Test Company 034,Male,,$2y$10$BfK63PmaH/mYpHNfVjCIIuDwnMM.q2ZyjzUAjZTXPmAEiXPoqsXdy,2026-01-01
K6--00585,en_US,,k6test585@k6-loadtest.local,Mr,LoadTest,User585,K6 Load Test Company 035,Male,,$2y$10$BfK63PmaH/mYpHNfVjCIIuDwnMM.q2ZyjzUAjZTXPmAEiXPoqsXdy,2026-01-01
K6--00586,en_US,,k6test586@k6-loadtest.local,Mr,LoadTest,User586,K6 Load Test Company 036,Male,,$2y$10$BfK63PmaH/mYpHNfVjCIIuDwnMM.q2ZyjzUAjZTXPmAEiXPoqsXdy,2026-01-01
K6--00587,en_US,,k6test587@k6-loadtest.local,Mr,LoadTest,User587,K6 Load Test Company 037,Male,,$2y$10$BfK63PmaH/mYpHNfVjCIIuDwnMM.q2ZyjzUAjZTXPmAEiXPoqsXdy,2026-01-01
K6--00588,en_US,,k6test588@k6-loadtest.local,Mr,LoadTest,User588,K6 Load Test Company 038,Male,,$2y$10$BfK63PmaH/mYpHNfVjCIIuDwnMM.q2ZyjzUAjZTXPmAEiXPoqsXdy,2026-01-01
K6--00589,en_US,,k6test589@k6-loadtest.local,Mr,LoadTest,User589,K6 Load Test Company 039,Male,,$2y$10$BfK63PmaH/mYpHNfVjCIIuDwnMM.q2ZyjzUAjZTXPmAEiXPoqsXdy,2026-01-01
K6--00590,en_US,,k6test590@k6-loadtest.local,Mr,LoadTest,User590,K6 Load Test Company 040,Male,,$2y$10$BfK63PmaH/mYpHNfVjCIIuDwnMM.q2ZyjzUAjZTXPmAEiXPoqsXdy,2026-01-01
K6--00591,en_US,,k6test591@k6-loadtest.local,Mr,LoadTest,User591,K6 Load Test Company 041,Male,,$2y$10$BfK63PmaH/mYpHNfVjCIIuDwnMM.q2ZyjzUAjZTXPmAEiXPoqsXdy,2026-01-01
K6--00592,en_US,,k6test592@k6-loadtest.local,Mr,LoadTest,User592,K6 Load Test Company 042,Male,,$2y$10$BfK63PmaH/mYpHNfVjCIIuDwnMM.q2ZyjzUAjZTXPmAEiXPoqsXdy,2026-01-01
K6--00593,en_US,,k6test593@k6-loadtest.local,Mr,LoadTest,User593,K6 Load Test Company 043,Male,,$2y$10$BfK63PmaH/mYpHNfVjCIIuDwnMM.q2ZyjzUAjZTXPmAEiXPoqsXdy,2026-01-01
K6--00594,en_US,,k6test594@k6-loadtest.local,Mr,LoadTest,User594,K6 Load Test Company 044,Male,,$2y$10$BfK63PmaH/mYpHNfVjCIIuDwnMM.q2ZyjzUAjZTXPmAEiXPoqsXdy,2026-01-01
K6--00595,en_US,,k6test595@k6-loadtest.local,Mr,LoadTest,User595,K6 Load Test Company 045,Male,,$2y$10$BfK63PmaH/mYpHNfVjCIIuDwnMM.q2ZyjzUAjZTXPmAEiXPoqsXdy,2026-01-01
K6--00596,en_US,,k6test596@k6-loadtest.local,Mr,LoadTest,User596,K6 Load Test Company 046,Male,,$2y$10$BfK63PmaH/mYpHNfVjCIIuDwnMM.q2ZyjzUAjZTXPmAEiXPoqsXdy,2026-01-01
K6--00597,en_US,,k6test597@k6-loadtest.local,Mr,LoadTest,User597,K6 Load Test Company 047,Male,,$2y$10$BfK63PmaH/mYpHNfVjCIIuDwnMM.q2ZyjzUAjZTXPmAEiXPoqsXdy,2026-01-01
K6--00598,en_US,,k6test598@k6-loadtest.local,Mr,LoadTest,User598,K6 Load Test Company 048,Male,,$2y$10$BfK63PmaH/mYpHNfVjCIIuDwnMM.q2ZyjzUAjZTXPmAEiXPoqsXdy,2026-01-01
K6--00599,en_US,,k6test599@k6-loadtest.local,Mr,LoadTest,User599,K6 Load Test Company 049,Male,,$2y$10$BfK63PmaH/mYpHNfVjCIIuDwnMM.q2ZyjzUAjZTXPmAEiXPoqsXdy,2026-01-01
K6--00600,en_US,,k6test600@k6-loadtest.local,Mr,LoadTest,User600,K6 Load Test Company 050,Male,,$2y$10$BfK63PmaH/mYpHNfVjCIIuDwnMM.q2ZyjzUAjZTXPmAEiXPoqsXdy,2026-01-01
K6--00601,en_US,,k6test601@k6-loadtest.local,Mr,LoadTest,User601,K6 Load Test Company 001,Male,,$2y$10$BfK63PmaH/mYpHNfVjCIIuDwnMM.q2ZyjzUAjZTXPmAEiXPoqsXdy,2026-01-01
K6--00602,en_US,,k6test602@k6-loadtest.local,Mr,LoadTest,User602,K6 Load Test Company 002,Male,,$2y$10$BfK63PmaH/mYpHNfVjCIIuDwnMM.q2ZyjzUAjZTXPmAEiXPoqsXdy,2026-01-01
K6--00603,en_US,,k6test603@k6-loadtest.local,Mr,LoadTest,User603,K6 Load Test Company 003,Male,,$2y$10$BfK63PmaH/mYpHNfVjCIIuDwnMM.q2ZyjzUAjZTXPmAEiXPoqsXdy,2026-01-01
K6--00604,en_US,,k6test604@k6-loadtest.local,Mr,LoadTest,User604,K6 Load Test Company 004,Male,,$2y$10$BfK63PmaH/mYpHNfVjCIIuDwnMM.q2ZyjzUAjZTXPmAEiXPoqsXdy,2026-01-01
K6--00605,en_US,,k6test605@k6-loadtest.local,Mr,LoadTest,User605,K6 Load Test Company 005,Male,,$2y$10$BfK63PmaH/mYpHNfVjCIIuDwnMM.q2ZyjzUAjZTXPmAEiXPoqsXdy,2026-01-01
K6--00606,en_US,,k6test606@k6-loadtest.local,Mr,LoadTest,User606,K6 Load Test Company 006,Male,,$2y$10$BfK63PmaH/mYpHNfVjCIIuDwnMM.q2ZyjzUAjZTXPmAEiXPoqsXdy,2026-01-01
K6--00607,en_US,,k6test607@k6-loadtest.local,Mr,LoadTest,User607,K6 Load Test Company 007,Male,,$2y$10$BfK63PmaH/mYpHNfVjCIIuDwnMM.q2ZyjzUAjZTXPmAEiXPoqsXdy,2026-01-01
K6--00608,en_US,,k6test608@k6-loadtest.local,Mr,LoadTest,User608,K6 Load Test Company 008,Male,,$2y$10$BfK63PmaH/mYpHNfVjCIIuDwnMM.q2ZyjzUAjZTXPmAEiXPoqsXdy,2026-01-01
K6--00609,en_US,,k6test609@k6-loadtest.local,Mr,LoadTest,User609,K6 Load Test Company 009,Male,,$2y$10$BfK63PmaH/mYpHNfVjCIIuDwnMM.q2ZyjzUAjZTXPmAEiXPoqsXdy,2026-01-01
K6--00610,en_US,,k6test610@k6-loadtest.local,Mr,LoadTest,User610,K6 Load Test Company 010,Male,,$2y$10$BfK63PmaH/mYpHNfVjCIIuDwnMM.q2ZyjzUAjZTXPmAEiXPoqsXdy,2026-01-01
K6--00611,en_US,,k6test611@k6-loadtest.local,Mr,LoadTest,User611,K6 Load Test Company 011,Male,,$2y$10$BfK63PmaH/mYpHNfVjCIIuDwnMM.q2ZyjzUAjZTXPmAEiXPoqsXdy,2026-01-01
K6--00612,en_US,,k6test612@k6-loadtest.local,Mr,LoadTest,User612,K6 Load Test Company 012,Male,,$2y$10$BfK63PmaH/mYpHNfVjCIIuDwnMM.q2ZyjzUAjZTXPmAEiXPoqsXdy,2026-01-01
K6--00613,en_US,,k6test613@k6-loadtest.local,Mr,LoadTest,User613,K6 Load Test Company 013,Male,,$2y$10$BfK63PmaH/mYpHNfVjCIIuDwnMM.q2ZyjzUAjZTXPmAEiXPoqsXdy,2026-01-01
K6--00614,en_US,,k6test614@k6-loadtest.local,Mr,LoadTest,User614,K6 Load Test Company 014,Male,,$2y$10$BfK63PmaH/mYpHNfVjCIIuDwnMM.q2ZyjzUAjZTXPmAEiXPoqsXdy,2026-01-01
K6--00615,en_US,,k6test615@k6-loadtest.local,Mr,LoadTest,User615,K6 Load Test Company 015,Male,,$2y$10$BfK63PmaH/mYpHNfVjCIIuDwnMM.q2ZyjzUAjZTXPmAEiXPoqsXdy,2026-01-01
K6--00616,en_US,,k6test616@k6-loadtest.local,Mr,LoadTest,User616,K6 Load Test Company 016,Male,,$2y$10$BfK63PmaH/mYpHNfVjCIIuDwnMM.q2ZyjzUAjZTXPmAEiXPoqsXdy,2026-01-01
K6--00617,en_US,,k6test617@k6-loadtest.local,Mr,LoadTest,User617,K6 Load Test Company 017,Male,,$2y$10$BfK63PmaH/mYpHNfVjCIIuDwnMM.q2ZyjzUAjZTXPmAEiXPoqsXdy,2026-01-01
K6--00618,en_US,,k6test618@k6-loadtest.local,Mr,LoadTest,User618,K6 Load Test Company 018,Male,,$2y$10$BfK63PmaH/mYpHNfVjCIIuDwnMM.q2ZyjzUAjZTXPmAEiXPoqsXdy,2026-01-01
K6--00619,en_US,,k6test619@k6-loadtest.local,Mr,LoadTest,User619,K6 Load Test Company 019,Male,,$2y$10$BfK63PmaH/mYpHNfVjCIIuDwnMM.q2ZyjzUAjZTXPmAEiXPoqsXdy,2026-01-01
K6--00620,en_US,,k6test620@k6-loadtest.local,Mr,LoadTest,User620,K6 Load Test Company 020,Male,,$2y$10$BfK63PmaH/mYpHNfVjCIIuDwnMM.q2ZyjzUAjZTXPmAEiXPoqsXdy,2026-01-01
K6--00621,en_US,,k6test621@k6-loadtest.local,Mr,LoadTest,User621,K6 Load Test Company 021,Male,,$2y$10$BfK63PmaH/mYpHNfVjCIIuDwnMM.q2ZyjzUAjZTXPmAEiXPoqsXdy,2026-01-01
K6--00622,en_US,,k6test622@k6-loadtest.local,Mr,LoadTest,User622,K6 Load Test Company 022,Male,,$2y$10$BfK63PmaH/mYpHNfVjCIIuDwnMM.q2ZyjzUAjZTXPmAEiXPoqsXdy,2026-01-01
K6--00623,en_US,,k6test623@k6-loadtest.local,Mr,LoadTest,User623,K6 Load Test Company 023,Male,,$2y$10$BfK63PmaH/mYpHNfVjCIIuDwnMM.q2ZyjzUAjZTXPmAEiXPoqsXdy,2026-01-01
K6--00624,en_US,,k6test624@k6-loadtest.local,Mr,LoadTest,User624,K6 Load Test Company 024,Male,,$2y$10$BfK63PmaH/mYpHNfVjCIIuDwnMM.q2ZyjzUAjZTXPmAEiXPoqsXdy,2026-01-01
K6--00625,en_US,,k6test625@k6-loadtest.local,Mr,LoadTest,User625,K6 Load Test Company 025,Male,,$2y$10$BfK63PmaH/mYpHNfVjCIIuDwnMM.q2ZyjzUAjZTXPmAEiXPoqsXdy,2026-01-01
K6--00626,en_US,,k6test626@k6-loadtest.local,Mr,LoadTest,User626,K6 Load Test Company 026,Male,,$2y$10$BfK63PmaH/mYpHNfVjCIIuDwnMM.q2ZyjzUAjZTXPmAEiXPoqsXdy,2026-01-01
K6--00627,en_US,,k6test627@k6-loadtest.local,Mr,LoadTest,User627,K6 Load Test Company 027,Male,,$2y$10$BfK63PmaH/mYpHNfVjCIIuDwnMM.q2ZyjzUAjZTXPmAEiXPoqsXdy,2026-01-01
K6--00628,en_US,,k6test628@k6-loadtest.local,Mr,LoadTest,User628,K6 Load Test Company 028,Male,,$2y$10$BfK63PmaH/mYpHNfVjCIIuDwnMM.q2ZyjzUAjZTXPmAEiXPoqsXdy,2026-01-01
K6--00629,en_US,,k6test629@k6-loadtest.local,Mr,LoadTest,User629,K6 Load Test Company 029,Male,,$2y$10$BfK63PmaH/mYpHNfVjCIIuDwnMM.q2ZyjzUAjZTXPmAEiXPoqsXdy,2026-01-01
K6--00630,en_US,,k6test630@k6-loadtest.local,Mr,LoadTest,User630,K6 Load Test Company 030,Male,,$2y$10$BfK63PmaH/mYpHNfVjCIIuDwnMM.q2ZyjzUAjZTXPmAEiXPoqsXdy,2026-01-01
K6--00631,en_US,,k6test631@k6-loadtest.local,Mr,LoadTest,User631,K6 Load Test Company 031,Male,,$2y$10$BfK63PmaH/mYpHNfVjCIIuDwnMM.q2ZyjzUAjZTXPmAEiXPoqsXdy,2026-01-01
K6--00632,en_US,,k6test632@k6-loadtest.local,Mr,LoadTest,User632,K6 Load Test Company 032,Male,,$2y$10$BfK63PmaH/mYpHNfVjCIIuDwnMM.q2ZyjzUAjZTXPmAEiXPoqsXdy,2026-01-01
K6--00633,en_US,,k6test633@k6-loadtest.local,Mr,LoadTest,User633,K6 Load Test Company 033,Male,,$2y$10$BfK63PmaH/mYpHNfVjCIIuDwnMM.q2ZyjzUAjZTXPmAEiXPoqsXdy,2026-01-01
K6--00634,en_US,,k6test634@k6-loadtest.local,Mr,LoadTest,User634,K6 Load Test Company 034,Male,,$2y$10$BfK63PmaH/mYpHNfVjCIIuDwnMM.q2ZyjzUAjZTXPmAEiXPoqsXdy,2026-01-01
K6--00635,en_US,,k6test635@k6-loadtest.local,Mr,LoadTest,User635,K6 Load Test Company 035,Male,,$2y$10$BfK63PmaH/mYpHNfVjCIIuDwnMM.q2ZyjzUAjZTXPmAEiXPoqsXdy,2026-01-01
K6--00636,en_US,,k6test636@k6-loadtest.local,Mr,LoadTest,User636,K6 Load Test Company 036,Male,,$2y$10$BfK63PmaH/mYpHNfVjCIIuDwnMM.q2ZyjzUAjZTXPmAEiXPoqsXdy,2026-01-01
K6--00637,en_US,,k6test637@k6-loadtest.local,Mr,LoadTest,User637,K6 Load Test Company 037,Male,,$2y$10$BfK63PmaH/mYpHNfVjCIIuDwnMM.q2ZyjzUAjZTXPmAEiXPoqsXdy,2026-01-01
K6--00638,en_US,,k6test638@k6-loadtest.local,Mr,LoadTest,User638,K6 Load Test Company 038,Male,,$2y$10$BfK63PmaH/mYpHNfVjCIIuDwnMM.q2ZyjzUAjZTXPmAEiXPoqsXdy,2026-01-01
K6--00639,en_US,,k6test639@k6-loadtest.local,Mr,LoadTest,User639,K6 Load Test Company 039,Male,,$2y$10$BfK63PmaH/mYpHNfVjCIIuDwnMM.q2ZyjzUAjZTXPmAEiXPoqsXdy,2026-01-01
K6--00640,en_US,,k6test640@k6-loadtest.local,Mr,LoadTest,User640,K6 Load Test Company 040,Male,,$2y$10$BfK63PmaH/mYpHNfVjCIIuDwnMM.q2ZyjzUAjZTXPmAEiXPoqsXdy,2026-01-01
K6--00641,en_US,,k6test641@k6-loadtest.local,Mr,LoadTest,User641,K6 Load Test Company 041,Male,,$2y$10$BfK63PmaH/mYpHNfVjCIIuDwnMM.q2ZyjzUAjZTXPmAEiXPoqsXdy,2026-01-01
K6--00642,en_US,,k6test642@k6-loadtest.local,Mr,LoadTest,User642,K6 Load Test Company 042,Male,,$2y$10$BfK63PmaH/mYpHNfVjCIIuDwnMM.q2ZyjzUAjZTXPmAEiXPoqsXdy,2026-01-01
K6--00643,en_US,,k6test643@k6-loadtest.local,Mr,LoadTest,User643,K6 Load Test Company 043,Male,,$2y$10$BfK63PmaH/mYpHNfVjCIIuDwnMM.q2ZyjzUAjZTXPmAEiXPoqsXdy,2026-01-01
K6--00644,en_US,,k6test644@k6-loadtest.local,Mr,LoadTest,User644,K6 Load Test Company 044,Male,,$2y$10$BfK63PmaH/mYpHNfVjCIIuDwnMM.q2ZyjzUAjZTXPmAEiXPoqsXdy,2026-01-01
K6--00645,en_US,,k6test645@k6-loadtest.local,Mr,LoadTest,User645,K6 Load Test Company 045,Male,,$2y$10$BfK63PmaH/mYpHNfVjCIIuDwnMM.q2ZyjzUAjZTXPmAEiXPoqsXdy,2026-01-01
K6--00646,en_US,,k6test646@k6-loadtest.local,Mr,LoadTest,User646,K6 Load Test Company 046,Male,,$2y$10$BfK63PmaH/mYpHNfVjCIIuDwnMM.q2ZyjzUAjZTXPmAEiXPoqsXdy,2026-01-01
K6--00647,en_US,,k6test647@k6-loadtest.local,Mr,LoadTest,User647,K6 Load Test Company 047,Male,,$2y$10$BfK63PmaH/mYpHNfVjCIIuDwnMM.q2ZyjzUAjZTXPmAEiXPoqsXdy,2026-01-01
K6--00648,en_US,,k6test648@k6-loadtest.local,Mr,LoadTest,User648,K6 Load Test Company 048,Male,,$2y$10$BfK63PmaH/mYpHNfVjCIIuDwnMM.q2ZyjzUAjZTXPmAEiXPoqsXdy,2026-01-01
K6--00649,en_US,,k6test649@k6-loadtest.local,Mr,LoadTest,User649,K6 Load Test Company 049,Male,,$2y$10$BfK63PmaH/mYpHNfVjCIIuDwnMM.q2ZyjzUAjZTXPmAEiXPoqsXdy,2026-01-01
K6--00650,en_US,,k6test650@k6-loadtest.local,Mr,LoadTest,User650,K6 Load Test Company 050,Male,,$2y$10$BfK63PmaH/mYpHNfVjCIIuDwnMM.q2ZyjzUAjZTXPmAEiXPoqsXdy,2026-01-01
K6--00651,en_US,,k6test651@k6-loadtest.local,Mr,LoadTest,User651,K6 Load Test Company 001,Male,,$2y$10$BfK63PmaH/mYpHNfVjCIIuDwnMM.q2ZyjzUAjZTXPmAEiXPoqsXdy,2026-01-01
K6--00652,en_US,,k6test652@k6-loadtest.local,Mr,LoadTest,User652,K6 Load Test Company 002,Male,,$2y$10$BfK63PmaH/mYpHNfVjCIIuDwnMM.q2ZyjzUAjZTXPmAEiXPoqsXdy,2026-01-01
K6--00653,en_US,,k6test653@k6-loadtest.local,Mr,LoadTest,User653,K6 Load Test Company 003,Male,,$2y$10$BfK63PmaH/mYpHNfVjCIIuDwnMM.q2ZyjzUAjZTXPmAEiXPoqsXdy,2026-01-01
K6--00654,en_US,,k6test654@k6-loadtest.local,Mr,LoadTest,User654,K6 Load Test Company 004,Male,,$2y$10$BfK63PmaH/mYpHNfVjCIIuDwnMM.q2ZyjzUAjZTXPmAEiXPoqsXdy,2026-01-01
K6--00655,en_US,,k6test655@k6-loadtest.local,Mr,LoadTest,User655,K6 Load Test Company 005,Male,,$2y$10$BfK63PmaH/mYpHNfVjCIIuDwnMM.q2ZyjzUAjZTXPmAEiXPoqsXdy,2026-01-01
K6--00656,en_US,,k6test656@k6-loadtest.local,Mr,LoadTest,User656,K6 Load Test Company 006,Male,,$2y$10$BfK63PmaH/mYpHNfVjCIIuDwnMM.q2ZyjzUAjZTXPmAEiXPoqsXdy,2026-01-01
K6--00657,en_US,,k6test657@k6-loadtest.local,Mr,LoadTest,User657,K6 Load Test Company 007,Male,,$2y$10$BfK63PmaH/mYpHNfVjCIIuDwnMM.q2ZyjzUAjZTXPmAEiXPoqsXdy,2026-01-01
K6--00658,en_US,,k6test658@k6-loadtest.local,Mr,LoadTest,User658,K6 Load Test Company 008,Male,,$2y$10$BfK63PmaH/mYpHNfVjCIIuDwnMM.q2ZyjzUAjZTXPmAEiXPoqsXdy,2026-01-01
K6--00659,en_US,,k6test659@k6-loadtest.local,Mr,LoadTest,User659,K6 Load Test Company 009,Male,,$2y$10$BfK63PmaH/mYpHNfVjCIIuDwnMM.q2ZyjzUAjZTXPmAEiXPoqsXdy,2026-01-01
K6--00660,en_US,,k6test660@k6-loadtest.local,Mr,LoadTest,User660,K6 Load Test Company 010,Male,,$2y$10$BfK63PmaH/mYpHNfVjCIIuDwnMM.q2ZyjzUAjZTXPmAEiXPoqsXdy,2026-01-01
K6--00661,en_US,,k6test661@k6-loadtest.local,Mr,LoadTest,User661,K6 Load Test Company 011,Male,,$2y$10$BfK63PmaH/mYpHNfVjCIIuDwnMM.q2ZyjzUAjZTXPmAEiXPoqsXdy,2026-01-01
K6--00662,en_US,,k6test662@k6-loadtest.local,Mr,LoadTest,User662,K6 Load Test Company 012,Male,,$2y$10$BfK63PmaH/mYpHNfVjCIIuDwnMM.q2ZyjzUAjZTXPmAEiXPoqsXdy,2026-01-01
K6--00663,en_US,,k6test663@k6-loadtest.local,Mr,LoadTest,User663,K6 Load Test Company 013,Male,,$2y$10$BfK63PmaH/mYpHNfVjCIIuDwnMM.q2ZyjzUAjZTXPmAEiXPoqsXdy,2026-01-01
K6--00664,en_US,,k6test664@k6-loadtest.local,Mr,LoadTest,User664,K6 Load Test Company 014,Male,,$2y$10$BfK63PmaH/mYpHNfVjCIIuDwnMM.q2ZyjzUAjZTXPmAEiXPoqsXdy,2026-01-01
K6--00665,en_US,,k6test665@k6-loadtest.local,Mr,LoadTest,User665,K6 Load Test Company 015,Male,,$2y$10$BfK63PmaH/mYpHNfVjCIIuDwnMM.q2ZyjzUAjZTXPmAEiXPoqsXdy,2026-01-01
K6--00666,en_US,,k6test666@k6-loadtest.local,Mr,LoadTest,User666,K6 Load Test Company 016,Male,,$2y$10$BfK63PmaH/mYpHNfVjCIIuDwnMM.q2ZyjzUAjZTXPmAEiXPoqsXdy,2026-01-01
K6--00667,en_US,,k6test667@k6-loadtest.local,Mr,LoadTest,User667,K6 Load Test Company 017,Male,,$2y$10$BfK63PmaH/mYpHNfVjCIIuDwnMM.q2ZyjzUAjZTXPmAEiXPoqsXdy,2026-01-01
K6--00668,en_US,,k6test668@k6-loadtest.local,Mr,LoadTest,User668,K6 Load Test Company 018,Male,,$2y$10$BfK63PmaH/mYpHNfVjCIIuDwnMM.q2ZyjzUAjZTXPmAEiXPoqsXdy,2026-01-01
K6--00669,en_US,,k6test669@k6-loadtest.local,Mr,LoadTest,User669,K6 Load Test Company 019,Male,,$2y$10$BfK63PmaH/mYpHNfVjCIIuDwnMM.q2ZyjzUAjZTXPmAEiXPoqsXdy,2026-01-01
K6--00670,en_US,,k6test670@k6-loadtest.local,Mr,LoadTest,User670,K6 Load Test Company 020,Male,,$2y$10$BfK63PmaH/mYpHNfVjCIIuDwnMM.q2ZyjzUAjZTXPmAEiXPoqsXdy,2026-01-01
K6--00671,en_US,,k6test671@k6-loadtest.local,Mr,LoadTest,User671,K6 Load Test Company 021,Male,,$2y$10$BfK63PmaH/mYpHNfVjCIIuDwnMM.q2ZyjzUAjZTXPmAEiXPoqsXdy,2026-01-01
K6--00672,en_US,,k6test672@k6-loadtest.local,Mr,LoadTest,User672,K6 Load Test Company 022,Male,,$2y$10$BfK63PmaH/mYpHNfVjCIIuDwnMM.q2ZyjzUAjZTXPmAEiXPoqsXdy,2026-01-01
K6--00673,en_US,,k6test673@k6-loadtest.local,Mr,LoadTest,User673,K6 Load Test Company 023,Male,,$2y$10$BfK63PmaH/mYpHNfVjCIIuDwnMM.q2ZyjzUAjZTXPmAEiXPoqsXdy,2026-01-01
K6--00674,en_US,,k6test674@k6-loadtest.local,Mr,LoadTest,User674,K6 Load Test Company 024,Male,,$2y$10$BfK63PmaH/mYpHNfVjCIIuDwnMM.q2ZyjzUAjZTXPmAEiXPoqsXdy,2026-01-01
K6--00675,en_US,,k6test675@k6-loadtest.local,Mr,LoadTest,User675,K6 Load Test Company 025,Male,,$2y$10$BfK63PmaH/mYpHNfVjCIIuDwnMM.q2ZyjzUAjZTXPmAEiXPoqsXdy,2026-01-01
K6--00676,en_US,,k6test676@k6-loadtest.local,Mr,LoadTest,User676,K6 Load Test Company 026,Male,,$2y$10$BfK63PmaH/mYpHNfVjCIIuDwnMM.q2ZyjzUAjZTXPmAEiXPoqsXdy,2026-01-01
K6--00677,en_US,,k6test677@k6-loadtest.local,Mr,LoadTest,User677,K6 Load Test Company 027,Male,,$2y$10$BfK63PmaH/mYpHNfVjCIIuDwnMM.q2ZyjzUAjZTXPmAEiXPoqsXdy,2026-01-01
K6--00678,en_US,,k6test678@k6-loadtest.local,Mr,LoadTest,User678,K6 Load Test Company 028,Male,,$2y$10$BfK63PmaH/mYpHNfVjCIIuDwnMM.q2ZyjzUAjZTXPmAEiXPoqsXdy,2026-01-01
K6--00679,en_US,,k6test679@k6-loadtest.local,Mr,LoadTest,User679,K6 Load Test Company 029,Male,,$2y$10$BfK63PmaH/mYpHNfVjCIIuDwnMM.q2ZyjzUAjZTXPmAEiXPoqsXdy,2026-01-01
K6--00680,en_US,,k6test680@k6-loadtest.local,Mr,LoadTest,User680,K6 Load Test Company 030,Male,,$2y$10$BfK63PmaH/mYpHNfVjCIIuDwnMM.q2ZyjzUAjZTXPmAEiXPoqsXdy,2026-01-01
K6--00681,en_US,,k6test681@k6-loadtest.local,Mr,LoadTest,User681,K6 Load Test Company 031,Male,,$2y$10$BfK63PmaH/mYpHNfVjCIIuDwnMM.q2ZyjzUAjZTXPmAEiXPoqsXdy,2026-01-01
K6--00682,en_US,,k6test682@k6-loadtest.local,Mr,LoadTest,User682,K6 Load Test Company 032,Male,,$2y$10$BfK63PmaH/mYpHNfVjCIIuDwnMM.q2ZyjzUAjZTXPmAEiXPoqsXdy,2026-01-01
K6--00683,en_US,,k6test683@k6-loadtest.local,Mr,LoadTest,User683,K6 Load Test Company 033,Male,,$2y$10$BfK63PmaH/mYpHNfVjCIIuDwnMM.q2ZyjzUAjZTXPmAEiXPoqsXdy,2026-01-01
K6--00684,en_US,,k6test684@k6-loadtest.local,Mr,LoadTest,User684,K6 Load Test Company 034,Male,,$2y$10$BfK63PmaH/mYpHNfVjCIIuDwnMM.q2ZyjzUAjZTXPmAEiXPoqsXdy,2026-01-01
K6--00685,en_US,,k6test685@k6-loadtest.local,Mr,LoadTest,User685,K6 Load Test Company 035,Male,,$2y$10$BfK63PmaH/mYpHNfVjCIIuDwnMM.q2ZyjzUAjZTXPmAEiXPoqsXdy,2026-01-01
K6--00686,en_US,,k6test686@k6-loadtest.local,Mr,LoadTest,User686,K6 Load Test Company 036,Male,,$2y$10$BfK63PmaH/mYpHNfVjCIIuDwnMM.q2ZyjzUAjZTXPmAEiXPoqsXdy,2026-01-01
K6--00687,en_US,,k6test687@k6-loadtest.local,Mr,LoadTest,User687,K6 Load Test Company 037,Male,,$2y$10$BfK63PmaH/mYpHNfVjCIIuDwnMM.q2ZyjzUAjZTXPmAEiXPoqsXdy,2026-01-01
K6--00688,en_US,,k6test688@k6-loadtest.local,Mr,LoadTest,User688,K6 Load Test Company 038,Male,,$2y$10$BfK63PmaH/mYpHNfVjCIIuDwnMM.q2ZyjzUAjZTXPmAEiXPoqsXdy,2026-01-01
K6--00689,en_US,,k6test689@k6-loadtest.local,Mr,LoadTest,User689,K6 Load Test Company 039,Male,,$2y$10$BfK63PmaH/mYpHNfVjCIIuDwnMM.q2ZyjzUAjZTXPmAEiXPoqsXdy,2026-01-01
K6--00690,en_US,,k6test690@k6-loadtest.local,Mr,LoadTest,User690,K6 Load Test Company 040,Male,,$2y$10$BfK63PmaH/mYpHNfVjCIIuDwnMM.q2ZyjzUAjZTXPmAEiXPoqsXdy,2026-01-01
K6--00691,en_US,,k6test691@k6-loadtest.local,Mr,LoadTest,User691,K6 Load Test Company 041,Male,,$2y$10$BfK63PmaH/mYpHNfVjCIIuDwnMM.q2ZyjzUAjZTXPmAEiXPoqsXdy,2026-01-01
K6--00692,en_US,,k6test692@k6-loadtest.local,Mr,LoadTest,User692,K6 Load Test Company 042,Male,,$2y$10$BfK63PmaH/mYpHNfVjCIIuDwnMM.q2ZyjzUAjZTXPmAEiXPoqsXdy,2026-01-01
K6--00693,en_US,,k6test693@k6-loadtest.local,Mr,LoadTest,User693,K6 Load Test Company 043,Male,,$2y$10$BfK63PmaH/mYpHNfVjCIIuDwnMM.q2ZyjzUAjZTXPmAEiXPoqsXdy,2026-01-01
K6--00694,en_US,,k6test694@k6-loadtest.local,Mr,LoadTest,User694,K6 Load Test Company 044,Male,,$2y$10$BfK63PmaH/mYpHNfVjCIIuDwnMM.q2ZyjzUAjZTXPmAEiXPoqsXdy,2026-01-01
K6--00695,en_US,,k6test695@k6-loadtest.local,Mr,LoadTest,User695,K6 Load Test Company 045,Male,,$2y$10$BfK63PmaH/mYpHNfVjCIIuDwnMM.q2ZyjzUAjZTXPmAEiXPoqsXdy,2026-01-01
K6--00696,en_US,,k6test696@k6-loadtest.local,Mr,LoadTest,User696,K6 Load Test Company 046,Male,,$2y$10$BfK63PmaH/mYpHNfVjCIIuDwnMM.q2ZyjzUAjZTXPmAEiXPoqsXdy,2026-01-01
K6--00697,en_US,,k6test697@k6-loadtest.local,Mr,LoadTest,User697,K6 Load Test Company 047,Male,,$2y$10$BfK63PmaH/mYpHNfVjCIIuDwnMM.q2ZyjzUAjZTXPmAEiXPoqsXdy,2026-01-01
K6--00698,en_US,,k6test698@k6-loadtest.local,Mr,LoadTest,User698,K6 Load Test Company 048,Male,,$2y$10$BfK63PmaH/mYpHNfVjCIIuDwnMM.q2ZyjzUAjZTXPmAEiXPoqsXdy,2026-01-01
K6--00699,en_US,,k6test699@k6-loadtest.local,Mr,LoadTest,User699,K6 Load Test Company 049,Male,,$2y$10$BfK63PmaH/mYpHNfVjCIIuDwnMM.q2ZyjzUAjZTXPmAEiXPoqsXdy,2026-01-01
K6--00700,en_US,,k6test700@k6-loadtest.local,Mr,LoadTest,User700,K6 Load Test Company 050,Male,,$2y$10$BfK63PmaH/mYpHNfVjCIIuDwnMM.q2ZyjzUAjZTXPmAEiXPoqsXdy,2026-01-01
K6--00701,en_US,,k6test701@k6-loadtest.local,Mr,LoadTest,User701,K6 Load Test Company 001,Male,,$2y$10$BfK63PmaH/mYpHNfVjCIIuDwnMM.q2ZyjzUAjZTXPmAEiXPoqsXdy,2026-01-01
K6--00702,en_US,,k6test702@k6-loadtest.local,Mr,LoadTest,User702,K6 Load Test Company 002,Male,,$2y$10$BfK63PmaH/mYpHNfVjCIIuDwnMM.q2ZyjzUAjZTXPmAEiXPoqsXdy,2026-01-01
K6--00703,en_US,,k6test703@k6-loadtest.local,Mr,LoadTest,User703,K6 Load Test Company 003,Male,,$2y$10$BfK63PmaH/mYpHNfVjCIIuDwnMM.q2ZyjzUAjZTXPmAEiXPoqsXdy,2026-01-01
K6--00704,en_US,,k6test704@k6-loadtest.local,Mr,LoadTest,User704,K6 Load Test Company 004,Male,,$2y$10$BfK63PmaH/mYpHNfVjCIIuDwnMM.q2ZyjzUAjZTXPmAEiXPoqsXdy,2026-01-01
K6--00705,en_US,,k6test705@k6-loadtest.local,Mr,LoadTest,User705,K6 Load Test Company 005,Male,,$2y$10$BfK63PmaH/mYpHNfVjCIIuDwnMM.q2ZyjzUAjZTXPmAEiXPoqsXdy,2026-01-01
K6--00706,en_US,,k6test706@k6-loadtest.local,Mr,LoadTest,User706,K6 Load Test Company 006,Male,,$2y$10$BfK63PmaH/mYpHNfVjCIIuDwnMM.q2ZyjzUAjZTXPmAEiXPoqsXdy,2026-01-01
K6--00707,en_US,,k6test707@k6-loadtest.local,Mr,LoadTest,User707,K6 Load Test Company 007,Male,,$2y$10$BfK63PmaH/mYpHNfVjCIIuDwnMM.q2ZyjzUAjZTXPmAEiXPoqsXdy,2026-01-01
K6--00708,en_US,,k6test708@k6-loadtest.local,Mr,LoadTest,User708,K6 Load Test Company 008,Male,,$2y$10$BfK63PmaH/mYpHNfVjCIIuDwnMM.q2ZyjzUAjZTXPmAEiXPoqsXdy,2026-01-01
K6--00709,en_US,,k6test709@k6-loadtest.local,Mr,LoadTest,User709,K6 Load Test Company 009,Male,,$2y$10$BfK63PmaH/mYpHNfVjCIIuDwnMM.q2ZyjzUAjZTXPmAEiXPoqsXdy,2026-01-01
K6--00710,en_US,,k6test710@k6-loadtest.local,Mr,LoadTest,User710,K6 Load Test Company 010,Male,,$2y$10$BfK63PmaH/mYpHNfVjCIIuDwnMM.q2ZyjzUAjZTXPmAEiXPoqsXdy,2026-01-01
K6--00711,en_US,,k6test711@k6-loadtest.local,Mr,LoadTest,User711,K6 Load Test Company 011,Male,,$2y$10$BfK63PmaH/mYpHNfVjCIIuDwnMM.q2ZyjzUAjZTXPmAEiXPoqsXdy,2026-01-01
K6--00712,en_US,,k6test712@k6-loadtest.local,Mr,LoadTest,User712,K6 Load Test Company 012,Male,,$2y$10$BfK63PmaH/mYpHNfVjCIIuDwnMM.q2ZyjzUAjZTXPmAEiXPoqsXdy,2026-01-01
K6--00713,en_US,,k6test713@k6-loadtest.local,Mr,LoadTest,User713,K6 Load Test Company 013,Male,,$2y$10$BfK63PmaH/mYpHNfVjCIIuDwnMM.q2ZyjzUAjZTXPmAEiXPoqsXdy,2026-01-01
K6--00714,en_US,,k6test714@k6-loadtest.local,Mr,LoadTest,User714,K6 Load Test Company 014,Male,,$2y$10$BfK63PmaH/mYpHNfVjCIIuDwnMM.q2ZyjzUAjZTXPmAEiXPoqsXdy,2026-01-01
K6--00715,en_US,,k6test715@k6-loadtest.local,Mr,LoadTest,User715,K6 Load Test Company 015,Male,,$2y$10$BfK63PmaH/mYpHNfVjCIIuDwnMM.q2ZyjzUAjZTXPmAEiXPoqsXdy,2026-01-01
K6--00716,en_US,,k6test716@k6-loadtest.local,Mr,LoadTest,User716,K6 Load Test Company 016,Male,,$2y$10$BfK63PmaH/mYpHNfVjCIIuDwnMM.q2ZyjzUAjZTXPmAEiXPoqsXdy,2026-01-01
K6--00717,en_US,,k6test717@k6-loadtest.local,Mr,LoadTest,User717,K6 Load Test Company 017,Male,,$2y$10$BfK63PmaH/mYpHNfVjCIIuDwnMM.q2ZyjzUAjZTXPmAEiXPoqsXdy,2026-01-01
K6--00718,en_US,,k6test718@k6-loadtest.local,Mr,LoadTest,User718,K6 Load Test Company 018,Male,,$2y$10$BfK63PmaH/mYpHNfVjCIIuDwnMM.q2ZyjzUAjZTXPmAEiXPoqsXdy,2026-01-01
K6--00719,en_US,,k6test719@k6-loadtest.local,Mr,LoadTest,User719,K6 Load Test Company 019,Male,,$2y$10$BfK63PmaH/mYpHNfVjCIIuDwnMM.q2ZyjzUAjZTXPmAEiXPoqsXdy,2026-01-01
K6--00720,en_US,,k6test720@k6-loadtest.local,Mr,LoadTest,User720,K6 Load Test Company 020,Male,,$2y$10$BfK63PmaH/mYpHNfVjCIIuDwnMM.q2ZyjzUAjZTXPmAEiXPoqsXdy,2026-01-01
K6--00721,en_US,,k6test721@k6-loadtest.local,Mr,LoadTest,User721,K6 Load Test Company 021,Male,,$2y$10$BfK63PmaH/mYpHNfVjCIIuDwnMM.q2ZyjzUAjZTXPmAEiXPoqsXdy,2026-01-01
K6--00722,en_US,,k6test722@k6-loadtest.local,Mr,LoadTest,User722,K6 Load Test Company 022,Male,,$2y$10$BfK63PmaH/mYpHNfVjCIIuDwnMM.q2ZyjzUAjZTXPmAEiXPoqsXdy,2026-01-01
K6--00723,en_US,,k6test723@k6-loadtest.local,Mr,LoadTest,User723,K6 Load Test Company 023,Male,,$2y$10$BfK63PmaH/mYpHNfVjCIIuDwnMM.q2ZyjzUAjZTXPmAEiXPoqsXdy,2026-01-01
K6--00724,en_US,,k6test724@k6-loadtest.local,Mr,LoadTest,User724,K6 Load Test Company 024,Male,,$2y$10$BfK63PmaH/mYpHNfVjCIIuDwnMM.q2ZyjzUAjZTXPmAEiXPoqsXdy,2026-01-01
K6--00725,en_US,,k6test725@k6-loadtest.local,Mr,LoadTest,User725,K6 Load Test Company 025,Male,,$2y$10$BfK63PmaH/mYpHNfVjCIIuDwnMM.q2ZyjzUAjZTXPmAEiXPoqsXdy,2026-01-01
K6--00726,en_US,,k6test726@k6-loadtest.local,Mr,LoadTest,User726,K6 Load Test Company 026,Male,,$2y$10$BfK63PmaH/mYpHNfVjCIIuDwnMM.q2ZyjzUAjZTXPmAEiXPoqsXdy,2026-01-01
K6--00727,en_US,,k6test727@k6-loadtest.local,Mr,LoadTest,User727,K6 Load Test Company 027,Male,,$2y$10$BfK63PmaH/mYpHNfVjCIIuDwnMM.q2ZyjzUAjZTXPmAEiXPoqsXdy,2026-01-01
K6--00728,en_US,,k6test728@k6-loadtest.local,Mr,LoadTest,User728,K6 Load Test Company 028,Male,,$2y$10$BfK63PmaH/mYpHNfVjCIIuDwnMM.q2ZyjzUAjZTXPmAEiXPoqsXdy,2026-01-01
K6--00729,en_US,,k6test729@k6-loadtest.local,Mr,LoadTest,User729,K6 Load Test Company 029,Male,,$2y$10$BfK63PmaH/mYpHNfVjCIIuDwnMM.q2ZyjzUAjZTXPmAEiXPoqsXdy,2026-01-01
K6--00730,en_US,,k6test730@k6-loadtest.local,Mr,LoadTest,User730,K6 Load Test Company 030,Male,,$2y$10$BfK63PmaH/mYpHNfVjCIIuDwnMM.q2ZyjzUAjZTXPmAEiXPoqsXdy,2026-01-01
K6--00731,en_US,,k6test731@k6-loadtest.local,Mr,LoadTest,User731,K6 Load Test Company 031,Male,,$2y$10$BfK63PmaH/mYpHNfVjCIIuDwnMM.q2ZyjzUAjZTXPmAEiXPoqsXdy,2026-01-01
K6--00732,en_US,,k6test732@k6-loadtest.local,Mr,LoadTest,User732,K6 Load Test Company 032,Male,,$2y$10$BfK63PmaH/mYpHNfVjCIIuDwnMM.q2ZyjzUAjZTXPmAEiXPoqsXdy,2026-01-01
K6--00733,en_US,,k6test733@k6-loadtest.local,Mr,LoadTest,User733,K6 Load Test Company 033,Male,,$2y$10$BfK63PmaH/mYpHNfVjCIIuDwnMM.q2ZyjzUAjZTXPmAEiXPoqsXdy,2026-01-01
K6--00734,en_US,,k6test734@k6-loadtest.local,Mr,LoadTest,User734,K6 Load Test Company 034,Male,,$2y$10$BfK63PmaH/mYpHNfVjCIIuDwnMM.q2ZyjzUAjZTXPmAEiXPoqsXdy,2026-01-01
K6--00735,en_US,,k6test735@k6-loadtest.local,Mr,LoadTest,User735,K6 Load Test Company 035,Male,,$2y$10$BfK63PmaH/mYpHNfVjCIIuDwnMM.q2ZyjzUAjZTXPmAEiXPoqsXdy,2026-01-01
K6--00736,en_US,,k6test736@k6-loadtest.local,Mr,LoadTest,User736,K6 Load Test Company 036,Male,,$2y$10$BfK63PmaH/mYpHNfVjCIIuDwnMM.q2ZyjzUAjZTXPmAEiXPoqsXdy,2026-01-01
K6--00737,en_US,,k6test737@k6-loadtest.local,Mr,LoadTest,User737,K6 Load Test Company 037,Male,,$2y$10$BfK63PmaH/mYpHNfVjCIIuDwnMM.q2ZyjzUAjZTXPmAEiXPoqsXdy,2026-01-01
K6--00738,en_US,,k6test738@k6-loadtest.local,Mr,LoadTest,User738,K6 Load Test Company 038,Male,,$2y$10$BfK63PmaH/mYpHNfVjCIIuDwnMM.q2ZyjzUAjZTXPmAEiXPoqsXdy,2026-01-01
K6--00739,en_US,,k6test739@k6-loadtest.local,Mr,LoadTest,User739,K6 Load Test Company 039,Male,,$2y$10$BfK63PmaH/mYpHNfVjCIIuDwnMM.q2ZyjzUAjZTXPmAEiXPoqsXdy,2026-01-01
K6--00740,en_US,,k6test740@k6-loadtest.local,Mr,LoadTest,User740,K6 Load Test Company 040,Male,,$2y$10$BfK63PmaH/mYpHNfVjCIIuDwnMM.q2ZyjzUAjZTXPmAEiXPoqsXdy,2026-01-01
K6--00741,en_US,,k6test741@k6-loadtest.local,Mr,LoadTest,User741,K6 Load Test Company 041,Male,,$2y$10$BfK63PmaH/mYpHNfVjCIIuDwnMM.q2ZyjzUAjZTXPmAEiXPoqsXdy,2026-01-01
K6--00742,en_US,,k6test742@k6-loadtest.local,Mr,LoadTest,User742,K6 Load Test Company 042,Male,,$2y$10$BfK63PmaH/mYpHNfVjCIIuDwnMM.q2ZyjzUAjZTXPmAEiXPoqsXdy,2026-01-01
K6--00743,en_US,,k6test743@k6-loadtest.local,Mr,LoadTest,User743,K6 Load Test Company 043,Male,,$2y$10$BfK63PmaH/mYpHNfVjCIIuDwnMM.q2ZyjzUAjZTXPmAEiXPoqsXdy,2026-01-01
K6--00744,en_US,,k6test744@k6-loadtest.local,Mr,LoadTest,User744,K6 Load Test Company 044,Male,,$2y$10$BfK63PmaH/mYpHNfVjCIIuDwnMM.q2ZyjzUAjZTXPmAEiXPoqsXdy,2026-01-01
K6--00745,en_US,,k6test745@k6-loadtest.local,Mr,LoadTest,User745,K6 Load Test Company 045,Male,,$2y$10$BfK63PmaH/mYpHNfVjCIIuDwnMM.q2ZyjzUAjZTXPmAEiXPoqsXdy,2026-01-01
K6--00746,en_US,,k6test746@k6-loadtest.local,Mr,LoadTest,User746,K6 Load Test Company 046,Male,,$2y$10$BfK63PmaH/mYpHNfVjCIIuDwnMM.q2ZyjzUAjZTXPmAEiXPoqsXdy,2026-01-01
K6--00747,en_US,,k6test747@k6-loadtest.local,Mr,LoadTest,User747,K6 Load Test Company 047,Male,,$2y$10$BfK63PmaH/mYpHNfVjCIIuDwnMM.q2ZyjzUAjZTXPmAEiXPoqsXdy,2026-01-01
K6--00748,en_US,,k6test748@k6-loadtest.local,Mr,LoadTest,User748,K6 Load Test Company 048,Male,,$2y$10$BfK63PmaH/mYpHNfVjCIIuDwnMM.q2ZyjzUAjZTXPmAEiXPoqsXdy,2026-01-01
K6--00749,en_US,,k6test749@k6-loadtest.local,Mr,LoadTest,User749,K6 Load Test Company 049,Male,,$2y$10$BfK63PmaH/mYpHNfVjCIIuDwnMM.q2ZyjzUAjZTXPmAEiXPoqsXdy,2026-01-01
K6--00750,en_US,,k6test750@k6-loadtest.local,Mr,LoadTest,User750,K6 Load Test Company 050,Male,,$2y$10$BfK63PmaH/mYpHNfVjCIIuDwnMM.q2ZyjzUAjZTXPmAEiXPoqsXdy,2026-01-01
K6--00751,en_US,,k6test751@k6-loadtest.local,Mr,LoadTest,User751,K6 Load Test Company 001,Male,,$2y$10$BfK63PmaH/mYpHNfVjCIIuDwnMM.q2ZyjzUAjZTXPmAEiXPoqsXdy,2026-01-01
K6--00752,en_US,,k6test752@k6-loadtest.local,Mr,LoadTest,User752,K6 Load Test Company 002,Male,,$2y$10$BfK63PmaH/mYpHNfVjCIIuDwnMM.q2ZyjzUAjZTXPmAEiXPoqsXdy,2026-01-01
K6--00753,en_US,,k6test753@k6-loadtest.local,Mr,LoadTest,User753,K6 Load Test Company 003,Male,,$2y$10$BfK63PmaH/mYpHNfVjCIIuDwnMM.q2ZyjzUAjZTXPmAEiXPoqsXdy,2026-01-01
K6--00754,en_US,,k6test754@k6-loadtest.local,Mr,LoadTest,User754,K6 Load Test Company 004,Male,,$2y$10$BfK63PmaH/mYpHNfVjCIIuDwnMM.q2ZyjzUAjZTXPmAEiXPoqsXdy,2026-01-01
K6--00755,en_US,,k6test755@k6-loadtest.local,Mr,LoadTest,User755,K6 Load Test Company 005,Male,,$2y$10$BfK63PmaH/mYpHNfVjCIIuDwnMM.q2ZyjzUAjZTXPmAEiXPoqsXdy,2026-01-01
K6--00756,en_US,,k6test756@k6-loadtest.local,Mr,LoadTest,User756,K6 Load Test Company 006,Male,,$2y$10$BfK63PmaH/mYpHNfVjCIIuDwnMM.q2ZyjzUAjZTXPmAEiXPoqsXdy,2026-01-01
K6--00757,en_US,,k6test757@k6-loadtest.local,Mr,LoadTest,User757,K6 Load Test Company 007,Male,,$2y$10$BfK63PmaH/mYpHNfVjCIIuDwnMM.q2ZyjzUAjZTXPmAEiXPoqsXdy,2026-01-01
K6--00758,en_US,,k6test758@k6-loadtest.local,Mr,LoadTest,User758,K6 Load Test Company 008,Male,,$2y$10$BfK63PmaH/mYpHNfVjCIIuDwnMM.q2ZyjzUAjZTXPmAEiXPoqsXdy,2026-01-01
K6--00759,en_US,,k6test759@k6-loadtest.local,Mr,LoadTest,User759,K6 Load Test Company 009,Male,,$2y$10$BfK63PmaH/mYpHNfVjCIIuDwnMM.q2ZyjzUAjZTXPmAEiXPoqsXdy,2026-01-01
K6--00760,en_US,,k6test760@k6-loadtest.local,Mr,LoadTest,User760,K6 Load Test Company 010,Male,,$2y$10$BfK63PmaH/mYpHNfVjCIIuDwnMM.q2ZyjzUAjZTXPmAEiXPoqsXdy,2026-01-01
K6--00761,en_US,,k6test761@k6-loadtest.local,Mr,LoadTest,User761,K6 Load Test Company 011,Male,,$2y$10$BfK63PmaH/mYpHNfVjCIIuDwnMM.q2ZyjzUAjZTXPmAEiXPoqsXdy,2026-01-01
K6--00762,en_US,,k6test762@k6-loadtest.local,Mr,LoadTest,User762,K6 Load Test Company 012,Male,,$2y$10$BfK63PmaH/mYpHNfVjCIIuDwnMM.q2ZyjzUAjZTXPmAEiXPoqsXdy,2026-01-01
K6--00763,en_US,,k6test763@k6-loadtest.local,Mr,LoadTest,User763,K6 Load Test Company 013,Male,,$2y$10$BfK63PmaH/mYpHNfVjCIIuDwnMM.q2ZyjzUAjZTXPmAEiXPoqsXdy,2026-01-01
K6--00764,en_US,,k6test764@k6-loadtest.local,Mr,LoadTest,User764,K6 Load Test Company 014,Male,,$2y$10$BfK63PmaH/mYpHNfVjCIIuDwnMM.q2ZyjzUAjZTXPmAEiXPoqsXdy,2026-01-01
K6--00765,en_US,,k6test765@k6-loadtest.local,Mr,LoadTest,User765,K6 Load Test Company 015,Male,,$2y$10$BfK63PmaH/mYpHNfVjCIIuDwnMM.q2ZyjzUAjZTXPmAEiXPoqsXdy,2026-01-01
K6--00766,en_US,,k6test766@k6-loadtest.local,Mr,LoadTest,User766,K6 Load Test Company 016,Male,,$2y$10$BfK63PmaH/mYpHNfVjCIIuDwnMM.q2ZyjzUAjZTXPmAEiXPoqsXdy,2026-01-01
K6--00767,en_US,,k6test767@k6-loadtest.local,Mr,LoadTest,User767,K6 Load Test Company 017,Male,,$2y$10$BfK63PmaH/mYpHNfVjCIIuDwnMM.q2ZyjzUAjZTXPmAEiXPoqsXdy,2026-01-01
K6--00768,en_US,,k6test768@k6-loadtest.local,Mr,LoadTest,User768,K6 Load Test Company 018,Male,,$2y$10$BfK63PmaH/mYpHNfVjCIIuDwnMM.q2ZyjzUAjZTXPmAEiXPoqsXdy,2026-01-01
K6--00769,en_US,,k6test769@k6-loadtest.local,Mr,LoadTest,User769,K6 Load Test Company 019,Male,,$2y$10$BfK63PmaH/mYpHNfVjCIIuDwnMM.q2ZyjzUAjZTXPmAEiXPoqsXdy,2026-01-01
K6--00770,en_US,,k6test770@k6-loadtest.local,Mr,LoadTest,User770,K6 Load Test Company 020,Male,,$2y$10$BfK63PmaH/mYpHNfVjCIIuDwnMM.q2ZyjzUAjZTXPmAEiXPoqsXdy,2026-01-01
K6--00771,en_US,,k6test771@k6-loadtest.local,Mr,LoadTest,User771,K6 Load Test Company 021,Male,,$2y$10$BfK63PmaH/mYpHNfVjCIIuDwnMM.q2ZyjzUAjZTXPmAEiXPoqsXdy,2026-01-01
K6--00772,en_US,,k6test772@k6-loadtest.local,Mr,LoadTest,User772,K6 Load Test Company 022,Male,,$2y$10$BfK63PmaH/mYpHNfVjCIIuDwnMM.q2ZyjzUAjZTXPmAEiXPoqsXdy,2026-01-01
K6--00773,en_US,,k6test773@k6-loadtest.local,Mr,LoadTest,User773,K6 Load Test Company 023,Male,,$2y$10$BfK63PmaH/mYpHNfVjCIIuDwnMM.q2ZyjzUAjZTXPmAEiXPoqsXdy,2026-01-01
K6--00774,en_US,,k6test774@k6-loadtest.local,Mr,LoadTest,User774,K6 Load Test Company 024,Male,,$2y$10$BfK63PmaH/mYpHNfVjCIIuDwnMM.q2ZyjzUAjZTXPmAEiXPoqsXdy,2026-01-01
K6--00775,en_US,,k6test775@k6-loadtest.local,Mr,LoadTest,User775,K6 Load Test Company 025,Male,,$2y$10$BfK63PmaH/mYpHNfVjCIIuDwnMM.q2ZyjzUAjZTXPmAEiXPoqsXdy,2026-01-01
K6--00776,en_US,,k6test776@k6-loadtest.local,Mr,LoadTest,User776,K6 Load Test Company 026,Male,,$2y$10$BfK63PmaH/mYpHNfVjCIIuDwnMM.q2ZyjzUAjZTXPmAEiXPoqsXdy,2026-01-01
K6--00777,en_US,,k6test777@k6-loadtest.local,Mr,LoadTest,User777,K6 Load Test Company 027,Male,,$2y$10$BfK63PmaH/mYpHNfVjCIIuDwnMM.q2ZyjzUAjZTXPmAEiXPoqsXdy,2026-01-01
K6--00778,en_US,,k6test778@k6-loadtest.local,Mr,LoadTest,User778,K6 Load Test Company 028,Male,,$2y$10$BfK63PmaH/mYpHNfVjCIIuDwnMM.q2ZyjzUAjZTXPmAEiXPoqsXdy,2026-01-01
K6--00779,en_US,,k6test779@k6-loadtest.local,Mr,LoadTest,User779,K6 Load Test Company 029,Male,,$2y$10$BfK63PmaH/mYpHNfVjCIIuDwnMM.q2ZyjzUAjZTXPmAEiXPoqsXdy,2026-01-01
K6--00780,en_US,,k6test780@k6-loadtest.local,Mr,LoadTest,User780,K6 Load Test Company 030,Male,,$2y$10$BfK63PmaH/mYpHNfVjCIIuDwnMM.q2ZyjzUAjZTXPmAEiXPoqsXdy,2026-01-01
K6--00781,en_US,,k6test781@k6-loadtest.local,Mr,LoadTest,User781,K6 Load Test Company 031,Male,,$2y$10$BfK63PmaH/mYpHNfVjCIIuDwnMM.q2ZyjzUAjZTXPmAEiXPoqsXdy,2026-01-01
K6--00782,en_US,,k6test782@k6-loadtest.local,Mr,LoadTest,User782,K6 Load Test Company 032,Male,,$2y$10$BfK63PmaH/mYpHNfVjCIIuDwnMM.q2ZyjzUAjZTXPmAEiXPoqsXdy,2026-01-01
K6--00783,en_US,,k6test783@k6-loadtest.local,Mr,LoadTest,User783,K6 Load Test Company 033,Male,,$2y$10$BfK63PmaH/mYpHNfVjCIIuDwnMM.q2ZyjzUAjZTXPmAEiXPoqsXdy,2026-01-01
K6--00784,en_US,,k6test784@k6-loadtest.local,Mr,LoadTest,User784,K6 Load Test Company 034,Male,,$2y$10$BfK63PmaH/mYpHNfVjCIIuDwnMM.q2ZyjzUAjZTXPmAEiXPoqsXdy,2026-01-01
K6--00785,en_US,,k6test785@k6-loadtest.local,Mr,LoadTest,User785,K6 Load Test Company 035,Male,,$2y$10$BfK63PmaH/mYpHNfVjCIIuDwnMM.q2ZyjzUAjZTXPmAEiXPoqsXdy,2026-01-01
K6--00786,en_US,,k6test786@k6-loadtest.local,Mr,LoadTest,User786,K6 Load Test Company 036,Male,,$2y$10$BfK63PmaH/mYpHNfVjCIIuDwnMM.q2ZyjzUAjZTXPmAEiXPoqsXdy,2026-01-01
K6--00787,en_US,,k6test787@k6-loadtest.local,Mr,LoadTest,User787,K6 Load Test Company 037,Male,,$2y$10$BfK63PmaH/mYpHNfVjCIIuDwnMM.q2ZyjzUAjZTXPmAEiXPoqsXdy,2026-01-01
K6--00788,en_US,,k6test788@k6-loadtest.local,Mr,LoadTest,User788,K6 Load Test Company 038,Male,,$2y$10$BfK63PmaH/mYpHNfVjCIIuDwnMM.q2ZyjzUAjZTXPmAEiXPoqsXdy,2026-01-01
K6--00789,en_US,,k6test789@k6-loadtest.local,Mr,LoadTest,User789,K6 Load Test Company 039,Male,,$2y$10$BfK63PmaH/mYpHNfVjCIIuDwnMM.q2ZyjzUAjZTXPmAEiXPoqsXdy,2026-01-01
K6--00790,en_US,,k6test790@k6-loadtest.local,Mr,LoadTest,User790,K6 Load Test Company 040,Male,,$2y$10$BfK63PmaH/mYpHNfVjCIIuDwnMM.q2ZyjzUAjZTXPmAEiXPoqsXdy,2026-01-01
K6--00791,en_US,,k6test791@k6-loadtest.local,Mr,LoadTest,User791,K6 Load Test Company 041,Male,,$2y$10$BfK63PmaH/mYpHNfVjCIIuDwnMM.q2ZyjzUAjZTXPmAEiXPoqsXdy,2026-01-01
K6--00792,en_US,,k6test792@k6-loadtest.local,Mr,LoadTest,User792,K6 Load Test Company 042,Male,,$2y$10$BfK63PmaH/mYpHNfVjCIIuDwnMM.q2ZyjzUAjZTXPmAEiXPoqsXdy,2026-01-01
K6--00793,en_US,,k6test793@k6-loadtest.local,Mr,LoadTest,User793,K6 Load Test Company 043,Male,,$2y$10$BfK63PmaH/mYpHNfVjCIIuDwnMM.q2ZyjzUAjZTXPmAEiXPoqsXdy,2026-01-01
K6--00794,en_US,,k6test794@k6-loadtest.local,Mr,LoadTest,User794,K6 Load Test Company 044,Male,,$2y$10$BfK63PmaH/mYpHNfVjCIIuDwnMM.q2ZyjzUAjZTXPmAEiXPoqsXdy,2026-01-01
K6--00795,en_US,,k6test795@k6-loadtest.local,Mr,LoadTest,User795,K6 Load Test Company 045,Male,,$2y$10$BfK63PmaH/mYpHNfVjCIIuDwnMM.q2ZyjzUAjZTXPmAEiXPoqsXdy,2026-01-01
K6--00796,en_US,,k6test796@k6-loadtest.local,Mr,LoadTest,User796,K6 Load Test Company 046,Male,,$2y$10$BfK63PmaH/mYpHNfVjCIIuDwnMM.q2ZyjzUAjZTXPmAEiXPoqsXdy,2026-01-01
K6--00797,en_US,,k6test797@k6-loadtest.local,Mr,LoadTest,User797,K6 Load Test Company 047,Male,,$2y$10$BfK63PmaH/mYpHNfVjCIIuDwnMM.q2ZyjzUAjZTXPmAEiXPoqsXdy,2026-01-01
K6--00798,en_US,,k6test798@k6-loadtest.local,Mr,LoadTest,User798,K6 Load Test Company 048,Male,,$2y$10$BfK63PmaH/mYpHNfVjCIIuDwnMM.q2ZyjzUAjZTXPmAEiXPoqsXdy,2026-01-01
K6--00799,en_US,,k6test799@k6-loadtest.local,Mr,LoadTest,User799,K6 Load Test Company 049,Male,,$2y$10$BfK63PmaH/mYpHNfVjCIIuDwnMM.q2ZyjzUAjZTXPmAEiXPoqsXdy,2026-01-01
K6--00800,en_US,,k6test800@k6-loadtest.local,Mr,LoadTest,User800,K6 Load Test Company 050,Male,,$2y$10$BfK63PmaH/mYpHNfVjCIIuDwnMM.q2ZyjzUAjZTXPmAEiXPoqsXdy,2026-01-01
K6--00801,en_US,,k6test801@k6-loadtest.local,Mr,LoadTest,User801,K6 Load Test Company 001,Male,,$2y$10$BfK63PmaH/mYpHNfVjCIIuDwnMM.q2ZyjzUAjZTXPmAEiXPoqsXdy,2026-01-01
K6--00802,en_US,,k6test802@k6-loadtest.local,Mr,LoadTest,User802,K6 Load Test Company 002,Male,,$2y$10$BfK63PmaH/mYpHNfVjCIIuDwnMM.q2ZyjzUAjZTXPmAEiXPoqsXdy,2026-01-01
K6--00803,en_US,,k6test803@k6-loadtest.local,Mr,LoadTest,User803,K6 Load Test Company 003,Male,,$2y$10$BfK63PmaH/mYpHNfVjCIIuDwnMM.q2ZyjzUAjZTXPmAEiXPoqsXdy,2026-01-01
K6--00804,en_US,,k6test804@k6-loadtest.local,Mr,LoadTest,User804,K6 Load Test Company 004,Male,,$2y$10$BfK63PmaH/mYpHNfVjCIIuDwnMM.q2ZyjzUAjZTXPmAEiXPoqsXdy,2026-01-01
K6--00805,en_US,,k6test805@k6-loadtest.local,Mr,LoadTest,User805,K6 Load Test Company 005,Male,,$2y$10$BfK63PmaH/mYpHNfVjCIIuDwnMM.q2ZyjzUAjZTXPmAEiXPoqsXdy,2026-01-01
K6--00806,en_US,,k6test806@k6-loadtest.local,Mr,LoadTest,User806,K6 Load Test Company 006,Male,,$2y$10$BfK63PmaH/mYpHNfVjCIIuDwnMM.q2ZyjzUAjZTXPmAEiXPoqsXdy,2026-01-01
K6--00807,en_US,,k6test807@k6-loadtest.local,Mr,LoadTest,User807,K6 Load Test Company 007,Male,,$2y$10$BfK63PmaH/mYpHNfVjCIIuDwnMM.q2ZyjzUAjZTXPmAEiXPoqsXdy,2026-01-01
K6--00808,en_US,,k6test808@k6-loadtest.local,Mr,LoadTest,User808,K6 Load Test Company 008,Male,,$2y$10$BfK63PmaH/mYpHNfVjCIIuDwnMM.q2ZyjzUAjZTXPmAEiXPoqsXdy,2026-01-01
K6--00809,en_US,,k6test809@k6-loadtest.local,Mr,LoadTest,User809,K6 Load Test Company 009,Male,,$2y$10$BfK63PmaH/mYpHNfVjCIIuDwnMM.q2ZyjzUAjZTXPmAEiXPoqsXdy,2026-01-01
K6--00810,en_US,,k6test810@k6-loadtest.local,Mr,LoadTest,User810,K6 Load Test Company 010,Male,,$2y$10$BfK63PmaH/mYpHNfVjCIIuDwnMM.q2ZyjzUAjZTXPmAEiXPoqsXdy,2026-01-01
K6--00811,en_US,,k6test811@k6-loadtest.local,Mr,LoadTest,User811,K6 Load Test Company 011,Male,,$2y$10$BfK63PmaH/mYpHNfVjCIIuDwnMM.q2ZyjzUAjZTXPmAEiXPoqsXdy,2026-01-01
K6--00812,en_US,,k6test812@k6-loadtest.local,Mr,LoadTest,User812,K6 Load Test Company 012,Male,,$2y$10$BfK63PmaH/mYpHNfVjCIIuDwnMM.q2ZyjzUAjZTXPmAEiXPoqsXdy,2026-01-01
K6--00813,en_US,,k6test813@k6-loadtest.local,Mr,LoadTest,User813,K6 Load Test Company 013,Male,,$2y$10$BfK63PmaH/mYpHNfVjCIIuDwnMM.q2ZyjzUAjZTXPmAEiXPoqsXdy,2026-01-01
K6--00814,en_US,,k6test814@k6-loadtest.local,Mr,LoadTest,User814,K6 Load Test Company 014,Male,,$2y$10$BfK63PmaH/mYpHNfVjCIIuDwnMM.q2ZyjzUAjZTXPmAEiXPoqsXdy,2026-01-01
K6--00815,en_US,,k6test815@k6-loadtest.local,Mr,LoadTest,User815,K6 Load Test Company 015,Male,,$2y$10$BfK63PmaH/mYpHNfVjCIIuDwnMM.q2ZyjzUAjZTXPmAEiXPoqsXdy,2026-01-01
K6--00816,en_US,,k6test816@k6-loadtest.local,Mr,LoadTest,User816,K6 Load Test Company 016,Male,,$2y$10$BfK63PmaH/mYpHNfVjCIIuDwnMM.q2ZyjzUAjZTXPmAEiXPoqsXdy,2026-01-01
K6--00817,en_US,,k6test817@k6-loadtest.local,Mr,LoadTest,User817,K6 Load Test Company 017,Male,,$2y$10$BfK63PmaH/mYpHNfVjCIIuDwnMM.q2ZyjzUAjZTXPmAEiXPoqsXdy,2026-01-01
K6--00818,en_US,,k6test818@k6-loadtest.local,Mr,LoadTest,User818,K6 Load Test Company 018,Male,,$2y$10$BfK63PmaH/mYpHNfVjCIIuDwnMM.q2ZyjzUAjZTXPmAEiXPoqsXdy,2026-01-01
K6--00819,en_US,,k6test819@k6-loadtest.local,Mr,LoadTest,User819,K6 Load Test Company 019,Male,,$2y$10$BfK63PmaH/mYpHNfVjCIIuDwnMM.q2ZyjzUAjZTXPmAEiXPoqsXdy,2026-01-01
K6--00820,en_US,,k6test820@k6-loadtest.local,Mr,LoadTest,User820,K6 Load Test Company 020,Male,,$2y$10$BfK63PmaH/mYpHNfVjCIIuDwnMM.q2ZyjzUAjZTXPmAEiXPoqsXdy,2026-01-01
K6--00821,en_US,,k6test821@k6-loadtest.local,Mr,LoadTest,User821,K6 Load Test Company 021,Male,,$2y$10$BfK63PmaH/mYpHNfVjCIIuDwnMM.q2ZyjzUAjZTXPmAEiXPoqsXdy,2026-01-01
K6--00822,en_US,,k6test822@k6-loadtest.local,Mr,LoadTest,User822,K6 Load Test Company 022,Male,,$2y$10$BfK63PmaH/mYpHNfVjCIIuDwnMM.q2ZyjzUAjZTXPmAEiXPoqsXdy,2026-01-01
K6--00823,en_US,,k6test823@k6-loadtest.local,Mr,LoadTest,User823,K6 Load Test Company 023,Male,,$2y$10$BfK63PmaH/mYpHNfVjCIIuDwnMM.q2ZyjzUAjZTXPmAEiXPoqsXdy,2026-01-01
K6--00824,en_US,,k6test824@k6-loadtest.local,Mr,LoadTest,User824,K6 Load Test Company 024,Male,,$2y$10$BfK63PmaH/mYpHNfVjCIIuDwnMM.q2ZyjzUAjZTXPmAEiXPoqsXdy,2026-01-01
K6--00825,en_US,,k6test825@k6-loadtest.local,Mr,LoadTest,User825,K6 Load Test Company 025,Male,,$2y$10$BfK63PmaH/mYpHNfVjCIIuDwnMM.q2ZyjzUAjZTXPmAEiXPoqsXdy,2026-01-01
K6--00826,en_US,,k6test826@k6-loadtest.local,Mr,LoadTest,User826,K6 Load Test Company 026,Male,,$2y$10$BfK63PmaH/mYpHNfVjCIIuDwnMM.q2ZyjzUAjZTXPmAEiXPoqsXdy,2026-01-01
K6--00827,en_US,,k6test827@k6-loadtest.local,Mr,LoadTest,User827,K6 Load Test Company 027,Male,,$2y$10$BfK63PmaH/mYpHNfVjCIIuDwnMM.q2ZyjzUAjZTXPmAEiXPoqsXdy,2026-01-01
K6--00828,en_US,,k6test828@k6-loadtest.local,Mr,LoadTest,User828,K6 Load Test Company 028,Male,,$2y$10$BfK63PmaH/mYpHNfVjCIIuDwnMM.q2ZyjzUAjZTXPmAEiXPoqsXdy,2026-01-01
K6--00829,en_US,,k6test829@k6-loadtest.local,Mr,LoadTest,User829,K6 Load Test Company 029,Male,,$2y$10$BfK63PmaH/mYpHNfVjCIIuDwnMM.q2ZyjzUAjZTXPmAEiXPoqsXdy,2026-01-01
K6--00830,en_US,,k6test830@k6-loadtest.local,Mr,LoadTest,User830,K6 Load Test Company 030,Male,,$2y$10$BfK63PmaH/mYpHNfVjCIIuDwnMM.q2ZyjzUAjZTXPmAEiXPoqsXdy,2026-01-01
K6--00831,en_US,,k6test831@k6-loadtest.local,Mr,LoadTest,User831,K6 Load Test Company 031,Male,,$2y$10$BfK63PmaH/mYpHNfVjCIIuDwnMM.q2ZyjzUAjZTXPmAEiXPoqsXdy,2026-01-01
K6--00832,en_US,,k6test832@k6-loadtest.local,Mr,LoadTest,User832,K6 Load Test Company 032,Male,,$2y$10$BfK63PmaH/mYpHNfVjCIIuDwnMM.q2ZyjzUAjZTXPmAEiXPoqsXdy,2026-01-01
K6--00833,en_US,,k6test833@k6-loadtest.local,Mr,LoadTest,User833,K6 Load Test Company 033,Male,,$2y$10$BfK63PmaH/mYpHNfVjCIIuDwnMM.q2ZyjzUAjZTXPmAEiXPoqsXdy,2026-01-01
K6--00834,en_US,,k6test834@k6-loadtest.local,Mr,LoadTest,User834,K6 Load Test Company 034,Male,,$2y$10$BfK63PmaH/mYpHNfVjCIIuDwnMM.q2ZyjzUAjZTXPmAEiXPoqsXdy,2026-01-01
K6--00835,en_US,,k6test835@k6-loadtest.local,Mr,LoadTest,User835,K6 Load Test Company 035,Male,,$2y$10$BfK63PmaH/mYpHNfVjCIIuDwnMM.q2ZyjzUAjZTXPmAEiXPoqsXdy,2026-01-01
K6--00836,en_US,,k6test836@k6-loadtest.local,Mr,LoadTest,User836,K6 Load Test Company 036,Male,,$2y$10$BfK63PmaH/mYpHNfVjCIIuDwnMM.q2ZyjzUAjZTXPmAEiXPoqsXdy,2026-01-01
K6--00837,en_US,,k6test837@k6-loadtest.local,Mr,LoadTest,User837,K6 Load Test Company 037,Male,,$2y$10$BfK63PmaH/mYpHNfVjCIIuDwnMM.q2ZyjzUAjZTXPmAEiXPoqsXdy,2026-01-01
K6--00838,en_US,,k6test838@k6-loadtest.local,Mr,LoadTest,User838,K6 Load Test Company 038,Male,,$2y$10$BfK63PmaH/mYpHNfVjCIIuDwnMM.q2ZyjzUAjZTXPmAEiXPoqsXdy,2026-01-01
K6--00839,en_US,,k6test839@k6-loadtest.local,Mr,LoadTest,User839,K6 Load Test Company 039,Male,,$2y$10$BfK63PmaH/mYpHNfVjCIIuDwnMM.q2ZyjzUAjZTXPmAEiXPoqsXdy,2026-01-01
K6--00840,en_US,,k6test840@k6-loadtest.local,Mr,LoadTest,User840,K6 Load Test Company 040,Male,,$2y$10$BfK63PmaH/mYpHNfVjCIIuDwnMM.q2ZyjzUAjZTXPmAEiXPoqsXdy,2026-01-01
K6--00841,en_US,,k6test841@k6-loadtest.local,Mr,LoadTest,User841,K6 Load Test Company 041,Male,,$2y$10$BfK63PmaH/mYpHNfVjCIIuDwnMM.q2ZyjzUAjZTXPmAEiXPoqsXdy,2026-01-01
K6--00842,en_US,,k6test842@k6-loadtest.local,Mr,LoadTest,User842,K6 Load Test Company 042,Male,,$2y$10$BfK63PmaH/mYpHNfVjCIIuDwnMM.q2ZyjzUAjZTXPmAEiXPoqsXdy,2026-01-01
K6--00843,en_US,,k6test843@k6-loadtest.local,Mr,LoadTest,User843,K6 Load Test Company 043,Male,,$2y$10$BfK63PmaH/mYpHNfVjCIIuDwnMM.q2ZyjzUAjZTXPmAEiXPoqsXdy,2026-01-01
K6--00844,en_US,,k6test844@k6-loadtest.local,Mr,LoadTest,User844,K6 Load Test Company 044,Male,,$2y$10$BfK63PmaH/mYpHNfVjCIIuDwnMM.q2ZyjzUAjZTXPmAEiXPoqsXdy,2026-01-01
K6--00845,en_US,,k6test845@k6-loadtest.local,Mr,LoadTest,User845,K6 Load Test Company 045,Male,,$2y$10$BfK63PmaH/mYpHNfVjCIIuDwnMM.q2ZyjzUAjZTXPmAEiXPoqsXdy,2026-01-01
K6--00846,en_US,,k6test846@k6-loadtest.local,Mr,LoadTest,User846,K6 Load Test Company 046,Male,,$2y$10$BfK63PmaH/mYpHNfVjCIIuDwnMM.q2ZyjzUAjZTXPmAEiXPoqsXdy,2026-01-01
K6--00847,en_US,,k6test847@k6-loadtest.local,Mr,LoadTest,User847,K6 Load Test Company 047,Male,,$2y$10$BfK63PmaH/mYpHNfVjCIIuDwnMM.q2ZyjzUAjZTXPmAEiXPoqsXdy,2026-01-01
K6--00848,en_US,,k6test848@k6-loadtest.local,Mr,LoadTest,User848,K6 Load Test Company 048,Male,,$2y$10$BfK63PmaH/mYpHNfVjCIIuDwnMM.q2ZyjzUAjZTXPmAEiXPoqsXdy,2026-01-01
K6--00849,en_US,,k6test849@k6-loadtest.local,Mr,LoadTest,User849,K6 Load Test Company 049,Male,,$2y$10$BfK63PmaH/mYpHNfVjCIIuDwnMM.q2ZyjzUAjZTXPmAEiXPoqsXdy,2026-01-01
K6--00850,en_US,,k6test850@k6-loadtest.local,Mr,LoadTest,User850,K6 Load Test Company 050,Male,,$2y$10$BfK63PmaH/mYpHNfVjCIIuDwnMM.q2ZyjzUAjZTXPmAEiXPoqsXdy,2026-01-01
K6--00851,en_US,,k6test851@k6-loadtest.local,Mr,LoadTest,User851,K6 Load Test Company 001,Male,,$2y$10$BfK63PmaH/mYpHNfVjCIIuDwnMM.q2ZyjzUAjZTXPmAEiXPoqsXdy,2026-01-01
K6--00852,en_US,,k6test852@k6-loadtest.local,Mr,LoadTest,User852,K6 Load Test Company 002,Male,,$2y$10$BfK63PmaH/mYpHNfVjCIIuDwnMM.q2ZyjzUAjZTXPmAEiXPoqsXdy,2026-01-01
K6--00853,en_US,,k6test853@k6-loadtest.local,Mr,LoadTest,User853,K6 Load Test Company 003,Male,,$2y$10$BfK63PmaH/mYpHNfVjCIIuDwnMM.q2ZyjzUAjZTXPmAEiXPoqsXdy,2026-01-01
K6--00854,en_US,,k6test854@k6-loadtest.local,Mr,LoadTest,User854,K6 Load Test Company 004,Male,,$2y$10$BfK63PmaH/mYpHNfVjCIIuDwnMM.q2ZyjzUAjZTXPmAEiXPoqsXdy,2026-01-01
K6--00855,en_US,,k6test855@k6-loadtest.local,Mr,LoadTest,User855,K6 Load Test Company 005,Male,,$2y$10$BfK63PmaH/mYpHNfVjCIIuDwnMM.q2ZyjzUAjZTXPmAEiXPoqsXdy,2026-01-01
K6--00856,en_US,,k6test856@k6-loadtest.local,Mr,LoadTest,User856,K6 Load Test Company 006,Male,,$2y$10$BfK63PmaH/mYpHNfVjCIIuDwnMM.q2ZyjzUAjZTXPmAEiXPoqsXdy,2026-01-01
K6--00857,en_US,,k6test857@k6-loadtest.local,Mr,LoadTest,User857,K6 Load Test Company 007,Male,,$2y$10$BfK63PmaH/mYpHNfVjCIIuDwnMM.q2ZyjzUAjZTXPmAEiXPoqsXdy,2026-01-01
K6--00858,en_US,,k6test858@k6-loadtest.local,Mr,LoadTest,User858,K6 Load Test Company 008,Male,,$2y$10$BfK63PmaH/mYpHNfVjCIIuDwnMM.q2ZyjzUAjZTXPmAEiXPoqsXdy,2026-01-01
K6--00859,en_US,,k6test859@k6-loadtest.local,Mr,LoadTest,User859,K6 Load Test Company 009,Male,,$2y$10$BfK63PmaH/mYpHNfVjCIIuDwnMM.q2ZyjzUAjZTXPmAEiXPoqsXdy,2026-01-01
K6--00860,en_US,,k6test860@k6-loadtest.local,Mr,LoadTest,User860,K6 Load Test Company 010,Male,,$2y$10$BfK63PmaH/mYpHNfVjCIIuDwnMM.q2ZyjzUAjZTXPmAEiXPoqsXdy,2026-01-01
K6--00861,en_US,,k6test861@k6-loadtest.local,Mr,LoadTest,User861,K6 Load Test Company 011,Male,,$2y$10$BfK63PmaH/mYpHNfVjCIIuDwnMM.q2ZyjzUAjZTXPmAEiXPoqsXdy,2026-01-01
K6--00862,en_US,,k6test862@k6-loadtest.local,Mr,LoadTest,User862,K6 Load Test Company 012,Male,,$2y$10$BfK63PmaH/mYpHNfVjCIIuDwnMM.q2ZyjzUAjZTXPmAEiXPoqsXdy,2026-01-01
K6--00863,en_US,,k6test863@k6-loadtest.local,Mr,LoadTest,User863,K6 Load Test Company 013,Male,,$2y$10$BfK63PmaH/mYpHNfVjCIIuDwnMM.q2ZyjzUAjZTXPmAEiXPoqsXdy,2026-01-01
K6--00864,en_US,,k6test864@k6-loadtest.local,Mr,LoadTest,User864,K6 Load Test Company 014,Male,,$2y$10$BfK63PmaH/mYpHNfVjCIIuDwnMM.q2ZyjzUAjZTXPmAEiXPoqsXdy,2026-01-01
K6--00865,en_US,,k6test865@k6-loadtest.local,Mr,LoadTest,User865,K6 Load Test Company 015,Male,,$2y$10$BfK63PmaH/mYpHNfVjCIIuDwnMM.q2ZyjzUAjZTXPmAEiXPoqsXdy,2026-01-01
K6--00866,en_US,,k6test866@k6-loadtest.local,Mr,LoadTest,User866,K6 Load Test Company 016,Male,,$2y$10$BfK63PmaH/mYpHNfVjCIIuDwnMM.q2ZyjzUAjZTXPmAEiXPoqsXdy,2026-01-01
K6--00867,en_US,,k6test867@k6-loadtest.local,Mr,LoadTest,User867,K6 Load Test Company 017,Male,,$2y$10$BfK63PmaH/mYpHNfVjCIIuDwnMM.q2ZyjzUAjZTXPmAEiXPoqsXdy,2026-01-01
K6--00868,en_US,,k6test868@k6-loadtest.local,Mr,LoadTest,User868,K6 Load Test Company 018,Male,,$2y$10$BfK63PmaH/mYpHNfVjCIIuDwnMM.q2ZyjzUAjZTXPmAEiXPoqsXdy,2026-01-01
K6--00869,en_US,,k6test869@k6-loadtest.local,Mr,LoadTest,User869,K6 Load Test Company 019,Male,,$2y$10$BfK63PmaH/mYpHNfVjCIIuDwnMM.q2ZyjzUAjZTXPmAEiXPoqsXdy,2026-01-01
K6--00870,en_US,,k6test870@k6-loadtest.local,Mr,LoadTest,User870,K6 Load Test Company 020,Male,,$2y$10$BfK63PmaH/mYpHNfVjCIIuDwnMM.q2ZyjzUAjZTXPmAEiXPoqsXdy,2026-01-01
K6--00871,en_US,,k6test871@k6-loadtest.local,Mr,LoadTest,User871,K6 Load Test Company 021,Male,,$2y$10$BfK63PmaH/mYpHNfVjCIIuDwnMM.q2ZyjzUAjZTXPmAEiXPoqsXdy,2026-01-01
K6--00872,en_US,,k6test872@k6-loadtest.local,Mr,LoadTest,User872,K6 Load Test Company 022,Male,,$2y$10$BfK63PmaH/mYpHNfVjCIIuDwnMM.q2ZyjzUAjZTXPmAEiXPoqsXdy,2026-01-01
K6--00873,en_US,,k6test873@k6-loadtest.local,Mr,LoadTest,User873,K6 Load Test Company 023,Male,,$2y$10$BfK63PmaH/mYpHNfVjCIIuDwnMM.q2ZyjzUAjZTXPmAEiXPoqsXdy,2026-01-01
K6--00874,en_US,,k6test874@k6-loadtest.local,Mr,LoadTest,User874,K6 Load Test Company 024,Male,,$2y$10$BfK63PmaH/mYpHNfVjCIIuDwnMM.q2ZyjzUAjZTXPmAEiXPoqsXdy,2026-01-01
K6--00875,en_US,,k6test875@k6-loadtest.local,Mr,LoadTest,User875,K6 Load Test Company 025,Male,,$2y$10$BfK63PmaH/mYpHNfVjCIIuDwnMM.q2ZyjzUAjZTXPmAEiXPoqsXdy,2026-01-01
K6--00876,en_US,,k6test876@k6-loadtest.local,Mr,LoadTest,User876,K6 Load Test Company 026,Male,,$2y$10$BfK63PmaH/mYpHNfVjCIIuDwnMM.q2ZyjzUAjZTXPmAEiXPoqsXdy,2026-01-01
K6--00877,en_US,,k6test877@k6-loadtest.local,Mr,LoadTest,User877,K6 Load Test Company 027,Male,,$2y$10$BfK63PmaH/mYpHNfVjCIIuDwnMM.q2ZyjzUAjZTXPmAEiXPoqsXdy,2026-01-01
K6--00878,en_US,,k6test878@k6-loadtest.local,Mr,LoadTest,User878,K6 Load Test Company 028,Male,,$2y$10$BfK63PmaH/mYpHNfVjCIIuDwnMM.q2ZyjzUAjZTXPmAEiXPoqsXdy,2026-01-01
K6--00879,en_US,,k6test879@k6-loadtest.local,Mr,LoadTest,User879,K6 Load Test Company 029,Male,,$2y$10$BfK63PmaH/mYpHNfVjCIIuDwnMM.q2ZyjzUAjZTXPmAEiXPoqsXdy,2026-01-01
K6--00880,en_US,,k6test880@k6-loadtest.local,Mr,LoadTest,User880,K6 Load Test Company 030,Male,,$2y$10$BfK63PmaH/mYpHNfVjCIIuDwnMM.q2ZyjzUAjZTXPmAEiXPoqsXdy,2026-01-01
K6--00881,en_US,,k6test881@k6-loadtest.local,Mr,LoadTest,User881,K6 Load Test Company 031,Male,,$2y$10$BfK63PmaH/mYpHNfVjCIIuDwnMM.q2ZyjzUAjZTXPmAEiXPoqsXdy,2026-01-01
K6--00882,en_US,,k6test882@k6-loadtest.local,Mr,LoadTest,User882,K6 Load Test Company 032,Male,,$2y$10$BfK63PmaH/mYpHNfVjCIIuDwnMM.q2ZyjzUAjZTXPmAEiXPoqsXdy,2026-01-01
K6--00883,en_US,,k6test883@k6-loadtest.local,Mr,LoadTest,User883,K6 Load Test Company 033,Male,,$2y$10$BfK63PmaH/mYpHNfVjCIIuDwnMM.q2ZyjzUAjZTXPmAEiXPoqsXdy,2026-01-01
K6--00884,en_US,,k6test884@k6-loadtest.local,Mr,LoadTest,User884,K6 Load Test Company 034,Male,,$2y$10$BfK63PmaH/mYpHNfVjCIIuDwnMM.q2ZyjzUAjZTXPmAEiXPoqsXdy,2026-01-01
K6--00885,en_US,,k6test885@k6-loadtest.local,Mr,LoadTest,User885,K6 Load Test Company 035,Male,,$2y$10$BfK63PmaH/mYpHNfVjCIIuDwnMM.q2ZyjzUAjZTXPmAEiXPoqsXdy,2026-01-01
K6--00886,en_US,,k6test886@k6-loadtest.local,Mr,LoadTest,User886,K6 Load Test Company 036,Male,,$2y$10$BfK63PmaH/mYpHNfVjCIIuDwnMM.q2ZyjzUAjZTXPmAEiXPoqsXdy,2026-01-01
K6--00887,en_US,,k6test887@k6-loadtest.local,Mr,LoadTest,User887,K6 Load Test Company 037,Male,,$2y$10$BfK63PmaH/mYpHNfVjCIIuDwnMM.q2ZyjzUAjZTXPmAEiXPoqsXdy,2026-01-01
K6--00888,en_US,,k6test888@k6-loadtest.local,Mr,LoadTest,User888,K6 Load Test Company 038,Male,,$2y$10$BfK63PmaH/mYpHNfVjCIIuDwnMM.q2ZyjzUAjZTXPmAEiXPoqsXdy,2026-01-01
K6--00889,en_US,,k6test889@k6-loadtest.local,Mr,LoadTest,User889,K6 Load Test Company 039,Male,,$2y$10$BfK63PmaH/mYpHNfVjCIIuDwnMM.q2ZyjzUAjZTXPmAEiXPoqsXdy,2026-01-01
K6--00890,en_US,,k6test890@k6-loadtest.local,Mr,LoadTest,User890,K6 Load Test Company 040,Male,,$2y$10$BfK63PmaH/mYpHNfVjCIIuDwnMM.q2ZyjzUAjZTXPmAEiXPoqsXdy,2026-01-01
K6--00891,en_US,,k6test891@k6-loadtest.local,Mr,LoadTest,User891,K6 Load Test Company 041,Male,,$2y$10$BfK63PmaH/mYpHNfVjCIIuDwnMM.q2ZyjzUAjZTXPmAEiXPoqsXdy,2026-01-01
K6--00892,en_US,,k6test892@k6-loadtest.local,Mr,LoadTest,User892,K6 Load Test Company 042,Male,,$2y$10$BfK63PmaH/mYpHNfVjCIIuDwnMM.q2ZyjzUAjZTXPmAEiXPoqsXdy,2026-01-01
K6--00893,en_US,,k6test893@k6-loadtest.local,Mr,LoadTest,User893,K6 Load Test Company 043,Male,,$2y$10$BfK63PmaH/mYpHNfVjCIIuDwnMM.q2ZyjzUAjZTXPmAEiXPoqsXdy,2026-01-01
K6--00894,en_US,,k6test894@k6-loadtest.local,Mr,LoadTest,User894,K6 Load Test Company 044,Male,,$2y$10$BfK63PmaH/mYpHNfVjCIIuDwnMM.q2ZyjzUAjZTXPmAEiXPoqsXdy,2026-01-01
K6--00895,en_US,,k6test895@k6-loadtest.local,Mr,LoadTest,User895,K6 Load Test Company 045,Male,,$2y$10$BfK63PmaH/mYpHNfVjCIIuDwnMM.q2ZyjzUAjZTXPmAEiXPoqsXdy,2026-01-01
K6--00896,en_US,,k6test896@k6-loadtest.local,Mr,LoadTest,User896,K6 Load Test Company 046,Male,,$2y$10$BfK63PmaH/mYpHNfVjCIIuDwnMM.q2ZyjzUAjZTXPmAEiXPoqsXdy,2026-01-01
K6--00897,en_US,,k6test897@k6-loadtest.local,Mr,LoadTest,User897,K6 Load Test Company 047,Male,,$2y$10$BfK63PmaH/mYpHNfVjCIIuDwnMM.q2ZyjzUAjZTXPmAEiXPoqsXdy,2026-01-01
K6--00898,en_US,,k6test898@k6-loadtest.local,Mr,LoadTest,User898,K6 Load Test Company 048,Male,,$2y$10$BfK63PmaH/mYpHNfVjCIIuDwnMM.q2ZyjzUAjZTXPmAEiXPoqsXdy,2026-01-01
K6--00899,en_US,,k6test899@k6-loadtest.local,Mr,LoadTest,User899,K6 Load Test Company 049,Male,,$2y$10$BfK63PmaH/mYpHNfVjCIIuDwnMM.q2ZyjzUAjZTXPmAEiXPoqsXdy,2026-01-01
K6--00900,en_US,,k6test900@k6-loadtest.local,Mr,LoadTest,User900,K6 Load Test Company 050,Male,,$2y$10$BfK63PmaH/mYpHNfVjCIIuDwnMM.q2ZyjzUAjZTXPmAEiXPoqsXdy,2026-01-01
K6--00901,en_US,,k6test901@k6-loadtest.local,Mr,LoadTest,User901,K6 Load Test Company 001,Male,,$2y$10$BfK63PmaH/mYpHNfVjCIIuDwnMM.q2ZyjzUAjZTXPmAEiXPoqsXdy,2026-01-01
K6--00902,en_US,,k6test902@k6-loadtest.local,Mr,LoadTest,User902,K6 Load Test Company 002,Male,,$2y$10$BfK63PmaH/mYpHNfVjCIIuDwnMM.q2ZyjzUAjZTXPmAEiXPoqsXdy,2026-01-01
K6--00903,en_US,,k6test903@k6-loadtest.local,Mr,LoadTest,User903,K6 Load Test Company 003,Male,,$2y$10$BfK63PmaH/mYpHNfVjCIIuDwnMM.q2ZyjzUAjZTXPmAEiXPoqsXdy,2026-01-01
K6--00904,en_US,,k6test904@k6-loadtest.local,Mr,LoadTest,User904,K6 Load Test Company 004,Male,,$2y$10$BfK63PmaH/mYpHNfVjCIIuDwnMM.q2ZyjzUAjZTXPmAEiXPoqsXdy,2026-01-01
K6--00905,en_US,,k6test905@k6-loadtest.local,Mr,LoadTest,User905,K6 Load Test Company 005,Male,,$2y$10$BfK63PmaH/mYpHNfVjCIIuDwnMM.q2ZyjzUAjZTXPmAEiXPoqsXdy,2026-01-01
K6--00906,en_US,,k6test906@k6-loadtest.local,Mr,LoadTest,User906,K6 Load Test Company 006,Male,,$2y$10$BfK63PmaH/mYpHNfVjCIIuDwnMM.q2ZyjzUAjZTXPmAEiXPoqsXdy,2026-01-01
K6--00907,en_US,,k6test907@k6-loadtest.local,Mr,LoadTest,User907,K6 Load Test Company 007,Male,,$2y$10$BfK63PmaH/mYpHNfVjCIIuDwnMM.q2ZyjzUAjZTXPmAEiXPoqsXdy,2026-01-01
K6--00908,en_US,,k6test908@k6-loadtest.local,Mr,LoadTest,User908,K6 Load Test Company 008,Male,,$2y$10$BfK63PmaH/mYpHNfVjCIIuDwnMM.q2ZyjzUAjZTXPmAEiXPoqsXdy,2026-01-01
K6--00909,en_US,,k6test909@k6-loadtest.local,Mr,LoadTest,User909,K6 Load Test Company 009,Male,,$2y$10$BfK63PmaH/mYpHNfVjCIIuDwnMM.q2ZyjzUAjZTXPmAEiXPoqsXdy,2026-01-01
K6--00910,en_US,,k6test910@k6-loadtest.local,Mr,LoadTest,User910,K6 Load Test Company 010,Male,,$2y$10$BfK63PmaH/mYpHNfVjCIIuDwnMM.q2ZyjzUAjZTXPmAEiXPoqsXdy,2026-01-01
K6--00911,en_US,,k6test911@k6-loadtest.local,Mr,LoadTest,User911,K6 Load Test Company 011,Male,,$2y$10$BfK63PmaH/mYpHNfVjCIIuDwnMM.q2ZyjzUAjZTXPmAEiXPoqsXdy,2026-01-01
K6--00912,en_US,,k6test912@k6-loadtest.local,Mr,LoadTest,User912,K6 Load Test Company 012,Male,,$2y$10$BfK63PmaH/mYpHNfVjCIIuDwnMM.q2ZyjzUAjZTXPmAEiXPoqsXdy,2026-01-01
K6--00913,en_US,,k6test913@k6-loadtest.local,Mr,LoadTest,User913,K6 Load Test Company 013,Male,,$2y$10$BfK63PmaH/mYpHNfVjCIIuDwnMM.q2ZyjzUAjZTXPmAEiXPoqsXdy,2026-01-01
K6--00914,en_US,,k6test914@k6-loadtest.local,Mr,LoadTest,User914,K6 Load Test Company 014,Male,,$2y$10$BfK63PmaH/mYpHNfVjCIIuDwnMM.q2ZyjzUAjZTXPmAEiXPoqsXdy,2026-01-01
K6--00915,en_US,,k6test915@k6-loadtest.local,Mr,LoadTest,User915,K6 Load Test Company 015,Male,,$2y$10$BfK63PmaH/mYpHNfVjCIIuDwnMM.q2ZyjzUAjZTXPmAEiXPoqsXdy,2026-01-01
K6--00916,en_US,,k6test916@k6-loadtest.local,Mr,LoadTest,User916,K6 Load Test Company 016,Male,,$2y$10$BfK63PmaH/mYpHNfVjCIIuDwnMM.q2ZyjzUAjZTXPmAEiXPoqsXdy,2026-01-01
K6--00917,en_US,,k6test917@k6-loadtest.local,Mr,LoadTest,User917,K6 Load Test Company 017,Male,,$2y$10$BfK63PmaH/mYpHNfVjCIIuDwnMM.q2ZyjzUAjZTXPmAEiXPoqsXdy,2026-01-01
K6--00918,en_US,,k6test918@k6-loadtest.local,Mr,LoadTest,User918,K6 Load Test Company 018,Male,,$2y$10$BfK63PmaH/mYpHNfVjCIIuDwnMM.q2ZyjzUAjZTXPmAEiXPoqsXdy,2026-01-01
K6--00919,en_US,,k6test919@k6-loadtest.local,Mr,LoadTest,User919,K6 Load Test Company 019,Male,,$2y$10$BfK63PmaH/mYpHNfVjCIIuDwnMM.q2ZyjzUAjZTXPmAEiXPoqsXdy,2026-01-01
K6--00920,en_US,,k6test920@k6-loadtest.local,Mr,LoadTest,User920,K6 Load Test Company 020,Male,,$2y$10$BfK63PmaH/mYpHNfVjCIIuDwnMM.q2ZyjzUAjZTXPmAEiXPoqsXdy,2026-01-01
K6--00921,en_US,,k6test921@k6-loadtest.local,Mr,LoadTest,User921,K6 Load Test Company 021,Male,,$2y$10$BfK63PmaH/mYpHNfVjCIIuDwnMM.q2ZyjzUAjZTXPmAEiXPoqsXdy,2026-01-01
K6--00922,en_US,,k6test922@k6-loadtest.local,Mr,LoadTest,User922,K6 Load Test Company 022,Male,,$2y$10$BfK63PmaH/mYpHNfVjCIIuDwnMM.q2ZyjzUAjZTXPmAEiXPoqsXdy,2026-01-01
K6--00923,en_US,,k6test923@k6-loadtest.local,Mr,LoadTest,User923,K6 Load Test Company 023,Male,,$2y$10$BfK63PmaH/mYpHNfVjCIIuDwnMM.q2ZyjzUAjZTXPmAEiXPoqsXdy,2026-01-01
K6--00924,en_US,,k6test924@k6-loadtest.local,Mr,LoadTest,User924,K6 Load Test Company 024,Male,,$2y$10$BfK63PmaH/mYpHNfVjCIIuDwnMM.q2ZyjzUAjZTXPmAEiXPoqsXdy,2026-01-01
K6--00925,en_US,,k6test925@k6-loadtest.local,Mr,LoadTest,User925,K6 Load Test Company 025,Male,,$2y$10$BfK63PmaH/mYpHNfVjCIIuDwnMM.q2ZyjzUAjZTXPmAEiXPoqsXdy,2026-01-01
K6--00926,en_US,,k6test926@k6-loadtest.local,Mr,LoadTest,User926,K6 Load Test Company 026,Male,,$2y$10$BfK63PmaH/mYpHNfVjCIIuDwnMM.q2ZyjzUAjZTXPmAEiXPoqsXdy,2026-01-01
K6--00927,en_US,,k6test927@k6-loadtest.local,Mr,LoadTest,User927,K6 Load Test Company 027,Male,,$2y$10$BfK63PmaH/mYpHNfVjCIIuDwnMM.q2ZyjzUAjZTXPmAEiXPoqsXdy,2026-01-01
K6--00928,en_US,,k6test928@k6-loadtest.local,Mr,LoadTest,User928,K6 Load Test Company 028,Male,,$2y$10$BfK63PmaH/mYpHNfVjCIIuDwnMM.q2ZyjzUAjZTXPmAEiXPoqsXdy,2026-01-01
K6--00929,en_US,,k6test929@k6-loadtest.local,Mr,LoadTest,User929,K6 Load Test Company 029,Male,,$2y$10$BfK63PmaH/mYpHNfVjCIIuDwnMM.q2ZyjzUAjZTXPmAEiXPoqsXdy,2026-01-01
K6--00930,en_US,,k6test930@k6-loadtest.local,Mr,LoadTest,User930,K6 Load Test Company 030,Male,,$2y$10$BfK63PmaH/mYpHNfVjCIIuDwnMM.q2ZyjzUAjZTXPmAEiXPoqsXdy,2026-01-01
K6--00931,en_US,,k6test931@k6-loadtest.local,Mr,LoadTest,User931,K6 Load Test Company 031,Male,,$2y$10$BfK63PmaH/mYpHNfVjCIIuDwnMM.q2ZyjzUAjZTXPmAEiXPoqsXdy,2026-01-01
K6--00932,en_US,,k6test932@k6-loadtest.local,Mr,LoadTest,User932,K6 Load Test Company 032,Male,,$2y$10$BfK63PmaH/mYpHNfVjCIIuDwnMM.q2ZyjzUAjZTXPmAEiXPoqsXdy,2026-01-01
K6--00933,en_US,,k6test933@k6-loadtest.local,Mr,LoadTest,User933,K6 Load Test Company 033,Male,,$2y$10$BfK63PmaH/mYpHNfVjCIIuDwnMM.q2ZyjzUAjZTXPmAEiXPoqsXdy,2026-01-01
K6--00934,en_US,,k6test934@k6-loadtest.local,Mr,LoadTest,User934,K6 Load Test Company 034,Male,,$2y$10$BfK63PmaH/mYpHNfVjCIIuDwnMM.q2ZyjzUAjZTXPmAEiXPoqsXdy,2026-01-01
K6--00935,en_US,,k6test935@k6-loadtest.local,Mr,LoadTest,User935,K6 Load Test Company 035,Male,,$2y$10$BfK63PmaH/mYpHNfVjCIIuDwnMM.q2ZyjzUAjZTXPmAEiXPoqsXdy,2026-01-01
K6--00936,en_US,,k6test936@k6-loadtest.local,Mr,LoadTest,User936,K6 Load Test Company 036,Male,,$2y$10$BfK63PmaH/mYpHNfVjCIIuDwnMM.q2ZyjzUAjZTXPmAEiXPoqsXdy,2026-01-01
K6--00937,en_US,,k6test937@k6-loadtest.local,Mr,LoadTest,User937,K6 Load Test Company 037,Male,,$2y$10$BfK63PmaH/mYpHNfVjCIIuDwnMM.q2ZyjzUAjZTXPmAEiXPoqsXdy,2026-01-01
K6--00938,en_US,,k6test938@k6-loadtest.local,Mr,LoadTest,User938,K6 Load Test Company 038,Male,,$2y$10$BfK63PmaH/mYpHNfVjCIIuDwnMM.q2ZyjzUAjZTXPmAEiXPoqsXdy,2026-01-01
K6--00939,en_US,,k6test939@k6-loadtest.local,Mr,LoadTest,User939,K6 Load Test Company 039,Male,,$2y$10$BfK63PmaH/mYpHNfVjCIIuDwnMM.q2ZyjzUAjZTXPmAEiXPoqsXdy,2026-01-01
K6--00940,en_US,,k6test940@k6-loadtest.local,Mr,LoadTest,User940,K6 Load Test Company 040,Male,,$2y$10$BfK63PmaH/mYpHNfVjCIIuDwnMM.q2ZyjzUAjZTXPmAEiXPoqsXdy,2026-01-01
K6--00941,en_US,,k6test941@k6-loadtest.local,Mr,LoadTest,User941,K6 Load Test Company 041,Male,,$2y$10$BfK63PmaH/mYpHNfVjCIIuDwnMM.q2ZyjzUAjZTXPmAEiXPoqsXdy,2026-01-01
K6--00942,en_US,,k6test942@k6-loadtest.local,Mr,LoadTest,User942,K6 Load Test Company 042,Male,,$2y$10$BfK63PmaH/mYpHNfVjCIIuDwnMM.q2ZyjzUAjZTXPmAEiXPoqsXdy,2026-01-01
K6--00943,en_US,,k6test943@k6-loadtest.local,Mr,LoadTest,User943,K6 Load Test Company 043,Male,,$2y$10$BfK63PmaH/mYpHNfVjCIIuDwnMM.q2ZyjzUAjZTXPmAEiXPoqsXdy,2026-01-01
K6--00944,en_US,,k6test944@k6-loadtest.local,Mr,LoadTest,User944,K6 Load Test Company 044,Male,,$2y$10$BfK63PmaH/mYpHNfVjCIIuDwnMM.q2ZyjzUAjZTXPmAEiXPoqsXdy,2026-01-01
K6--00945,en_US,,k6test945@k6-loadtest.local,Mr,LoadTest,User945,K6 Load Test Company 045,Male,,$2y$10$BfK63PmaH/mYpHNfVjCIIuDwnMM.q2ZyjzUAjZTXPmAEiXPoqsXdy,2026-01-01
K6--00946,en_US,,k6test946@k6-loadtest.local,Mr,LoadTest,User946,K6 Load Test Company 046,Male,,$2y$10$BfK63PmaH/mYpHNfVjCIIuDwnMM.q2ZyjzUAjZTXPmAEiXPoqsXdy,2026-01-01
K6--00947,en_US,,k6test947@k6-loadtest.local,Mr,LoadTest,User947,K6 Load Test Company 047,Male,,$2y$10$BfK63PmaH/mYpHNfVjCIIuDwnMM.q2ZyjzUAjZTXPmAEiXPoqsXdy,2026-01-01
K6--00948,en_US,,k6test948@k6-loadtest.local,Mr,LoadTest,User948,K6 Load Test Company 048,Male,,$2y$10$BfK63PmaH/mYpHNfVjCIIuDwnMM.q2ZyjzUAjZTXPmAEiXPoqsXdy,2026-01-01
K6--00949,en_US,,k6test949@k6-loadtest.local,Mr,LoadTest,User949,K6 Load Test Company 049,Male,,$2y$10$BfK63PmaH/mYpHNfVjCIIuDwnMM.q2ZyjzUAjZTXPmAEiXPoqsXdy,2026-01-01
K6--00950,en_US,,k6test950@k6-loadtest.local,Mr,LoadTest,User950,K6 Load Test Company 050,Male,,$2y$10$BfK63PmaH/mYpHNfVjCIIuDwnMM.q2ZyjzUAjZTXPmAEiXPoqsXdy,2026-01-01
K6--00951,en_US,,k6test951@k6-loadtest.local,Mr,LoadTest,User951,K6 Load Test Company 001,Male,,$2y$10$BfK63PmaH/mYpHNfVjCIIuDwnMM.q2ZyjzUAjZTXPmAEiXPoqsXdy,2026-01-01
K6--00952,en_US,,k6test952@k6-loadtest.local,Mr,LoadTest,User952,K6 Load Test Company 002,Male,,$2y$10$BfK63PmaH/mYpHNfVjCIIuDwnMM.q2ZyjzUAjZTXPmAEiXPoqsXdy,2026-01-01
K6--00953,en_US,,k6test953@k6-loadtest.local,Mr,LoadTest,User953,K6 Load Test Company 003,Male,,$2y$10$BfK63PmaH/mYpHNfVjCIIuDwnMM.q2ZyjzUAjZTXPmAEiXPoqsXdy,2026-01-01
K6--00954,en_US,,k6test954@k6-loadtest.local,Mr,LoadTest,User954,K6 Load Test Company 004,Male,,$2y$10$BfK63PmaH/mYpHNfVjCIIuDwnMM.q2ZyjzUAjZTXPmAEiXPoqsXdy,2026-01-01
K6--00955,en_US,,k6test955@k6-loadtest.local,Mr,LoadTest,User955,K6 Load Test Company 005,Male,,$2y$10$BfK63PmaH/mYpHNfVjCIIuDwnMM.q2ZyjzUAjZTXPmAEiXPoqsXdy,2026-01-01
K6--00956,en_US,,k6test956@k6-loadtest.local,Mr,LoadTest,User956,K6 Load Test Company 006,Male,,$2y$10$BfK63PmaH/mYpHNfVjCIIuDwnMM.q2ZyjzUAjZTXPmAEiXPoqsXdy,2026-01-01
K6--00957,en_US,,k6test957@k6-loadtest.local,Mr,LoadTest,User957,K6 Load Test Company 007,Male,,$2y$10$BfK63PmaH/mYpHNfVjCIIuDwnMM.q2ZyjzUAjZTXPmAEiXPoqsXdy,2026-01-01
K6--00958,en_US,,k6test958@k6-loadtest.local,Mr,LoadTest,User958,K6 Load Test Company 008,Male,,$2y$10$BfK63PmaH/mYpHNfVjCIIuDwnMM.q2ZyjzUAjZTXPmAEiXPoqsXdy,2026-01-01
K6--00959,en_US,,k6test959@k6-loadtest.local,Mr,LoadTest,User959,K6 Load Test Company 009,Male,,$2y$10$BfK63PmaH/mYpHNfVjCIIuDwnMM.q2ZyjzUAjZTXPmAEiXPoqsXdy,2026-01-01
K6--00960,en_US,,k6test960@k6-loadtest.local,Mr,LoadTest,User960,K6 Load Test Company 010,Male,,$2y$10$BfK63PmaH/mYpHNfVjCIIuDwnMM.q2ZyjzUAjZTXPmAEiXPoqsXdy,2026-01-01
K6--00961,en_US,,k6test961@k6-loadtest.local,Mr,LoadTest,User961,K6 Load Test Company 011,Male,,$2y$10$BfK63PmaH/mYpHNfVjCIIuDwnMM.q2ZyjzUAjZTXPmAEiXPoqsXdy,2026-01-01
K6--00962,en_US,,k6test962@k6-loadtest.local,Mr,LoadTest,User962,K6 Load Test Company 012,Male,,$2y$10$BfK63PmaH/mYpHNfVjCIIuDwnMM.q2ZyjzUAjZTXPmAEiXPoqsXdy,2026-01-01
K6--00963,en_US,,k6test963@k6-loadtest.local,Mr,LoadTest,User963,K6 Load Test Company 013,Male,,$2y$10$BfK63PmaH/mYpHNfVjCIIuDwnMM.q2ZyjzUAjZTXPmAEiXPoqsXdy,2026-01-01
K6--00964,en_US,,k6test964@k6-loadtest.local,Mr,LoadTest,User964,K6 Load Test Company 014,Male,,$2y$10$BfK63PmaH/mYpHNfVjCIIuDwnMM.q2ZyjzUAjZTXPmAEiXPoqsXdy,2026-01-01
K6--00965,en_US,,k6test965@k6-loadtest.local,Mr,LoadTest,User965,K6 Load Test Company 015,Male,,$2y$10$BfK63PmaH/mYpHNfVjCIIuDwnMM.q2ZyjzUAjZTXPmAEiXPoqsXdy,2026-01-01
K6--00966,en_US,,k6test966@k6-loadtest.local,Mr,LoadTest,User966,K6 Load Test Company 016,Male,,$2y$10$BfK63PmaH/mYpHNfVjCIIuDwnMM.q2ZyjzUAjZTXPmAEiXPoqsXdy,2026-01-01
K6--00967,en_US,,k6test967@k6-loadtest.local,Mr,LoadTest,User967,K6 Load Test Company 017,Male,,$2y$10$BfK63PmaH/mYpHNfVjCIIuDwnMM.q2ZyjzUAjZTXPmAEiXPoqsXdy,2026-01-01
K6--00968,en_US,,k6test968@k6-loadtest.local,Mr,LoadTest,User968,K6 Load Test Company 018,Male,,$2y$10$BfK63PmaH/mYpHNfVjCIIuDwnMM.q2ZyjzUAjZTXPmAEiXPoqsXdy,2026-01-01
K6--00969,en_US,,k6test969@k6-loadtest.local,Mr,LoadTest,User969,K6 Load Test Company 019,Male,,$2y$10$BfK63PmaH/mYpHNfVjCIIuDwnMM.q2ZyjzUAjZTXPmAEiXPoqsXdy,2026-01-01
K6--00970,en_US,,k6test970@k6-loadtest.local,Mr,LoadTest,User970,K6 Load Test Company 020,Male,,$2y$10$BfK63PmaH/mYpHNfVjCIIuDwnMM.q2ZyjzUAjZTXPmAEiXPoqsXdy,2026-01-01
K6--00971,en_US,,k6test971@k6-loadtest.local,Mr,LoadTest,User971,K6 Load Test Company 021,Male,,$2y$10$BfK63PmaH/mYpHNfVjCIIuDwnMM.q2ZyjzUAjZTXPmAEiXPoqsXdy,2026-01-01
K6--00972,en_US,,k6test972@k6-loadtest.local,Mr,LoadTest,User972,K6 Load Test Company 022,Male,,$2y$10$BfK63PmaH/mYpHNfVjCIIuDwnMM.q2ZyjzUAjZTXPmAEiXPoqsXdy,2026-01-01
K6--00973,en_US,,k6test973@k6-loadtest.local,Mr,LoadTest,User973,K6 Load Test Company 023,Male,,$2y$10$BfK63PmaH/mYpHNfVjCIIuDwnMM.q2ZyjzUAjZTXPmAEiXPoqsXdy,2026-01-01
K6--00974,en_US,,k6test974@k6-loadtest.local,Mr,LoadTest,User974,K6 Load Test Company 024,Male,,$2y$10$BfK63PmaH/mYpHNfVjCIIuDwnMM.q2ZyjzUAjZTXPmAEiXPoqsXdy,2026-01-01
K6--00975,en_US,,k6test975@k6-loadtest.local,Mr,LoadTest,User975,K6 Load Test Company 025,Male,,$2y$10$BfK63PmaH/mYpHNfVjCIIuDwnMM.q2ZyjzUAjZTXPmAEiXPoqsXdy,2026-01-01
K6--00976,en_US,,k6test976@k6-loadtest.local,Mr,LoadTest,User976,K6 Load Test Company 026,Male,,$2y$10$BfK63PmaH/mYpHNfVjCIIuDwnMM.q2ZyjzUAjZTXPmAEiXPoqsXdy,2026-01-01
K6--00977,en_US,,k6test977@k6-loadtest.local,Mr,LoadTest,User977,K6 Load Test Company 027,Male,,$2y$10$BfK63PmaH/mYpHNfVjCIIuDwnMM.q2ZyjzUAjZTXPmAEiXPoqsXdy,2026-01-01
K6--00978,en_US,,k6test978@k6-loadtest.local,Mr,LoadTest,User978,K6 Load Test Company 028,Male,,$2y$10$BfK63PmaH/mYpHNfVjCIIuDwnMM.q2ZyjzUAjZTXPmAEiXPoqsXdy,2026-01-01
K6--00979,en_US,,k6test979@k6-loadtest.local,Mr,LoadTest,User979,K6 Load Test Company 029,Male,,$2y$10$BfK63PmaH/mYpHNfVjCIIuDwnMM.q2ZyjzUAjZTXPmAEiXPoqsXdy,2026-01-01
K6--00980,en_US,,k6test980@k6-loadtest.local,Mr,LoadTest,User980,K6 Load Test Company 030,Male,,$2y$10$BfK63PmaH/mYpHNfVjCIIuDwnMM.q2ZyjzUAjZTXPmAEiXPoqsXdy,2026-01-01
K6--00981,en_US,,k6test981@k6-loadtest.local,Mr,LoadTest,User981,K6 Load Test Company 031,Male,,$2y$10$BfK63PmaH/mYpHNfVjCIIuDwnMM.q2ZyjzUAjZTXPmAEiXPoqsXdy,2026-01-01
K6--00982,en_US,,k6test982@k6-loadtest.local,Mr,LoadTest,User982,K6 Load Test Company 032,Male,,$2y$10$BfK63PmaH/mYpHNfVjCIIuDwnMM.q2ZyjzUAjZTXPmAEiXPoqsXdy,2026-01-01
K6--00983,en_US,,k6test983@k6-loadtest.local,Mr,LoadTest,User983,K6 Load Test Company 033,Male,,$2y$10$BfK63PmaH/mYpHNfVjCIIuDwnMM.q2ZyjzUAjZTXPmAEiXPoqsXdy,2026-01-01
K6--00984,en_US,,k6test984@k6-loadtest.local,Mr,LoadTest,User984,K6 Load Test Company 034,Male,,$2y$10$BfK63PmaH/mYpHNfVjCIIuDwnMM.q2ZyjzUAjZTXPmAEiXPoqsXdy,2026-01-01
K6--00985,en_US,,k6test985@k6-loadtest.local,Mr,LoadTest,User985,K6 Load Test Company 035,Male,,$2y$10$BfK63PmaH/mYpHNfVjCIIuDwnMM.q2ZyjzUAjZTXPmAEiXPoqsXdy,2026-01-01
K6--00986,en_US,,k6test986@k6-loadtest.local,Mr,LoadTest,User986,K6 Load Test Company 036,Male,,$2y$10$BfK63PmaH/mYpHNfVjCIIuDwnMM.q2ZyjzUAjZTXPmAEiXPoqsXdy,2026-01-01
K6--00987,en_US,,k6test987@k6-loadtest.local,Mr,LoadTest,User987,K6 Load Test Company 037,Male,,$2y$10$BfK63PmaH/mYpHNfVjCIIuDwnMM.q2ZyjzUAjZTXPmAEiXPoqsXdy,2026-01-01
K6--00988,en_US,,k6test988@k6-loadtest.local,Mr,LoadTest,User988,K6 Load Test Company 038,Male,,$2y$10$BfK63PmaH/mYpHNfVjCIIuDwnMM.q2ZyjzUAjZTXPmAEiXPoqsXdy,2026-01-01
K6--00989,en_US,,k6test989@k6-loadtest.local,Mr,LoadTest,User989,K6 Load Test Company 039,Male,,$2y$10$BfK63PmaH/mYpHNfVjCIIuDwnMM.q2ZyjzUAjZTXPmAEiXPoqsXdy,2026-01-01
K6--00990,en_US,,k6test990@k6-loadtest.local,Mr,LoadTest,User990,K6 Load Test Company 040,Male,,$2y$10$BfK63PmaH/mYpHNfVjCIIuDwnMM.q2ZyjzUAjZTXPmAEiXPoqsXdy,2026-01-01
K6--00991,en_US,,k6test991@k6-loadtest.local,Mr,LoadTest,User991,K6 Load Test Company 041,Male,,$2y$10$BfK63PmaH/mYpHNfVjCIIuDwnMM.q2ZyjzUAjZTXPmAEiXPoqsXdy,2026-01-01
K6--00992,en_US,,k6test992@k6-loadtest.local,Mr,LoadTest,User992,K6 Load Test Company 042,Male,,$2y$10$BfK63PmaH/mYpHNfVjCIIuDwnMM.q2ZyjzUAjZTXPmAEiXPoqsXdy,2026-01-01
K6--00993,en_US,,k6test993@k6-loadtest.local,Mr,LoadTest,User993,K6 Load Test Company 043,Male,,$2y$10$BfK63PmaH/mYpHNfVjCIIuDwnMM.q2ZyjzUAjZTXPmAEiXPoqsXdy,2026-01-01
K6--00994,en_US,,k6test994@k6-loadtest.local,Mr,LoadTest,User994,K6 Load Test Company 044,Male,,$2y$10$BfK63PmaH/mYpHNfVjCIIuDwnMM.q2ZyjzUAjZTXPmAEiXPoqsXdy,2026-01-01
K6--00995,en_US,,k6test995@k6-loadtest.local,Mr,LoadTest,User995,K6 Load Test Company 045,Male,,$2y$10$BfK63PmaH/mYpHNfVjCIIuDwnMM.q2ZyjzUAjZTXPmAEiXPoqsXdy,2026-01-01
K6--00996,en_US,,k6test996@k6-loadtest.local,Mr,LoadTest,User996,K6 Load Test Company 046,Male,,$2y$10$BfK63PmaH/mYpHNfVjCIIuDwnMM.q2ZyjzUAjZTXPmAEiXPoqsXdy,2026-01-01
K6--00997,en_US,,k6test997@k6-loadtest.local,Mr,LoadTest,User997,K6 Load Test Company 047,Male,,$2y$10$BfK63PmaH/mYpHNfVjCIIuDwnMM.q2ZyjzUAjZTXPmAEiXPoqsXdy,2026-01-01
K6--00998,en_US,,k6test998@k6-loadtest.local,Mr,LoadTest,User998,K6 Load Test Company 048,Male,,$2y$10$BfK63PmaH/mYpHNfVjCIIuDwnMM.q2ZyjzUAjZTXPmAEiXPoqsXdy,2026-01-01
K6--00999,en_US,,k6test999@k6-loadtest.local,Mr,LoadTest,User999,K6 Load Test Company 049,Male,,$2y$10$BfK63PmaH/mYpHNfVjCIIuDwnMM.q2ZyjzUAjZTXPmAEiXPoqsXdy,2026-01-01
K6--01000,en_US,,k6test1000@k6-loadtest.local,Mr,LoadTest,User1000,K6 Load Test Company 050,Male,,$2y$10$BfK63PmaH/mYpHNfVjCIIuDwnMM.q2ZyjzUAjZTXPmAEiXPoqsXdy,2026-01-01
